

#
# Source for table "t_sys_district"
#

CREATE TABLE `t_sys_district` (
  `id` bigint(20) NOT NULL AUTO_INCREMENT,
  `district_name` varchar(40) DEFAULT NULL,
  `zone_id` bigint(20) DEFAULT NULL,
  PRIMARY KEY (`id`)
) ENGINE=InnoDB AUTO_INCREMENT=3145 DEFAULT CHARSET=utf8;

#
# Data for table "t_sys_district"
#

INSERT INTO `t_sys_district` VALUES (1,'东城区',1),(2,'西城区',1),(3,'崇文区',1),(4,'宣武区',1),(5,'朝阳区',1),(6,'丰台区',1),(7,'石景山区',1),(8,'海淀区',1),(9,'门头沟区',1),(10,'房山区',1),(11,'通州区',1),(12,'顺义区',1),(13,'昌平区',1),(14,'大兴区',1),(15,'怀柔区',1),(16,'平谷区',1),(17,'密云县',1),(18,'延庆县',1),(19,'和平区',2),(20,'河东区',2),(21,'河西区',2),(22,'南开区',2),(23,'河北区',2),(24,'红桥区',2),(25,'塘沽区',2),(26,'汉沽区',2),(27,'大港区',2),(28,'东丽区',2),(29,'西青区',2),(30,'津南区',2),(31,'北辰区',2),(32,'武清区',2),(33,'宝坻区',2),(34,'宁河县',2),(35,'静海县',2),(36,'蓟　县',2),(37,'市辖区',3),(38,'长安区',3),(39,'桥东区',3),(40,'桥西区',3),(41,'新华区',3),(42,'井陉矿区',3),(43,'裕华区',3),(44,'井陉县',3),(45,'正定县',3),(46,'栾城县',3),(47,'行唐县',3),(48,'灵寿县',3),(49,'高邑县',3),(50,'深泽县',3),(51,'赞皇县',3),(52,'无极县',3),(53,'平山县',3),(54,'元氏县',3),(55,'赵　县',3),(56,'辛集市',3),(57,'藁城市',3),(58,'晋州市',3),(59,'新乐市',3),(60,'鹿泉市',3),(61,'市辖区',4),(62,'路南区',4),(63,'路北区',4),(64,'古冶区',4),(65,'开平区',4),(66,'丰南区',4),(67,'丰润区',4),(68,'滦　县',4),(69,'滦南县',4),(70,'乐亭县',4),(71,'迁西县',4),(72,'玉田县',4),(73,'唐海县',4),(74,'遵化市',4),(75,'迁安市',4),(76,'市辖区',5),(77,'海港区',5),(78,'山海关区',5),(79,'北戴河区',5),(80,'青龙满族自治县',5),(81,'昌黎县',5),(82,'抚宁县',5),(83,'卢龙县',5),(84,'市辖区',6),(85,'邯山区',6),(86,'丛台区',6),(87,'复兴区',6),(88,'峰峰矿区',6),(89,'邯郸县',6),(90,'临漳县',6),(91,'成安县',6),(92,'大名县',6),(93,'涉　县',6),(94,'磁　县',6),(95,'肥乡县',6),(96,'永年县',6),(97,'邱　县',6),(98,'鸡泽县',6),(99,'广平县',6),(100,'馆陶县',6),(101,'魏　县',6),(102,'曲周县',6),(103,'武安市',6),(104,'市辖区',7),(105,'桥东区',7),(106,'桥西区',7),(107,'邢台县',7),(108,'临城县',7),(109,'内丘县',7),(110,'柏乡县',7),(111,'隆尧县',7),(112,'任　县',7),(113,'南和县',7),(114,'宁晋县',7),(115,'巨鹿县',7),(116,'新河县',7),(117,'广宗县',7),(118,'平乡县',7),(119,'威　县',7),(120,'清河县',7),(121,'临西县',7),(122,'南宫市',7),(123,'沙河市',7),(124,'市辖区',8),(125,'新市区',8),(126,'北市区',8),(127,'南市区',8),(128,'满城县',8),(129,'清苑县',8),(130,'涞水县',8),(131,'阜平县',8),(132,'徐水县',8),(133,'定兴县',8),(134,'唐　县',8),(135,'高阳县',8),(136,'容城县',8),(137,'涞源县',8),(138,'望都县',8),(139,'安新县',8),(140,'易　县',8),(141,'曲阳县',8),(142,'蠡　县',8),(143,'顺平县',8),(144,'博野县',8),(145,'雄　县',8),(146,'涿州市',8),(147,'定州市',8),(148,'安国市',8),(149,'高碑店市',8),(150,'市辖区',9),(151,'桥东区',9),(152,'桥西区',9),(153,'宣化区',9),(154,'下花园区',9),(155,'宣化县',9),(156,'张北县',9),(157,'康保县',9),(158,'沽源县',9),(159,'尚义县',9),(160,'蔚　县',9),(161,'阳原县',9),(162,'怀安县',9),(163,'万全县',9),(164,'怀来县',9),(165,'涿鹿县',9),(166,'赤城县',9),(167,'崇礼县',9),(168,'市辖区',10),(169,'双桥区',10),(170,'双滦区',10),(171,'鹰手营子矿区',10),(172,'承德县',10),(173,'兴隆县',10),(174,'平泉县',10),(175,'滦平县',10),(176,'隆化县',10),(177,'丰宁满族自治县',10),(178,'宽城满族自治县',10),(179,'围场满族蒙古族自治县',10),(180,'市辖区',11),(181,'新华区',11),(182,'运河区',11),(183,'沧　县',11),(184,'青　县',11),(185,'东光县',11),(186,'海兴县',11),(187,'盐山县',11),(188,'肃宁县',11),(189,'南皮县',11),(190,'吴桥县',11),(191,'献　县',11),(192,'孟村回族自治县',11),(193,'泊头市',11),(194,'任丘市',11),(195,'黄骅市',11),(196,'河间市',11),(197,'市辖区',12),(198,'安次区',12),(199,'广阳区',12),(200,'固安县',12),(201,'永清县',12),(202,'香河县',12),(203,'大城县',12),(204,'文安县',12),(205,'大厂回族自治县',12),(206,'霸州市',12),(207,'三河市',12),(208,'市辖区',13),(209,'桃城区',13),(210,'枣强县',13),(211,'武邑县',13),(212,'武强县',13),(213,'饶阳县',13),(214,'安平县',13),(215,'故城县',13),(216,'景　县',13),(217,'阜城县',13),(218,'冀州市',13),(219,'深州市',13),(220,'市辖区',14),(221,'小店区',14),(222,'迎泽区',14),(223,'杏花岭区',14),(224,'尖草坪区',14),(225,'万柏林区',14),(226,'晋源区',14),(227,'清徐县',14),(228,'阳曲县',14),(229,'娄烦县',14),(230,'古交市',14),(231,'市辖区',15),(232,'城　区',15),(233,'矿　区',15),(234,'南郊区',15),(235,'新荣区',15),(236,'阳高县',15),(237,'天镇县',15),(238,'广灵县',15),(239,'灵丘县',15),(240,'浑源县',15),(241,'左云县',15),(242,'大同县',15),(243,'市辖区',16),(244,'城　区',16),(245,'矿　区',16),(246,'郊　区',16),(247,'平定县',16),(248,'盂　县',16),(249,'市辖区',17),(250,'城　区',17),(251,'郊　区',17),(252,'长治县',17),(253,'襄垣县',17),(254,'屯留县',17),(255,'平顺县',17),(256,'黎城县',17),(257,'壶关县',17),(258,'长子县',17),(259,'武乡县',17),(260,'沁　县',17),(261,'沁源县',17),(262,'潞城市',17),(263,'市辖区',18),(264,'城　区',18),(265,'沁水县',18),(266,'阳城县',18),(267,'陵川县',18),(268,'泽州县',18),(269,'高平市',18),(270,'市辖区',19),(271,'朔城区',19),(272,'平鲁区',19),(273,'山阴县',19),(274,'应　县',19),(275,'右玉县',19),(276,'怀仁县',19),(277,'市辖区',20),(278,'榆次区',20),(279,'榆社县',20),(280,'左权县',20),(281,'和顺县',20),(282,'昔阳县',20),(283,'寿阳县',20),(284,'太谷县',20),(285,'祁　县',20),(286,'平遥县',20),(287,'灵石县',20),(288,'介休市',20),(289,'市辖区',21),(290,'盐湖区',21),(291,'临猗县',21),(292,'万荣县',21),(293,'闻喜县',21),(294,'稷山县',21),(295,'新绛县',21),(296,'绛　县',21),(297,'垣曲县',21),(298,'夏　县',21),(299,'平陆县',21),(300,'芮城县',21),(301,'永济市',21),(302,'河津市',21),(303,'市辖区',22),(304,'忻府区',22),(305,'定襄县',22),(306,'五台县',22),(307,'代　县',22),(308,'繁峙县',22),(309,'宁武县',22),(310,'静乐县',22),(311,'神池县',22),(312,'五寨县',22),(313,'岢岚县',22),(314,'河曲县',22),(315,'保德县',22),(316,'偏关县',22),(317,'原平市',22),(318,'市辖区',23),(319,'尧都区',23),(320,'曲沃县',23),(321,'翼城县',23),(322,'襄汾县',23),(323,'洪洞县',23),(324,'古　县',23),(325,'安泽县',23),(326,'浮山县',23),(327,'吉　县',23),(328,'乡宁县',23),(329,'大宁县',23),(330,'隰　县',23),(331,'永和县',23),(332,'蒲　县',23),(333,'汾西县',23),(334,'侯马市',23),(335,'霍州市',23),(336,'市辖区',24),(337,'离石区',24),(338,'文水县',24),(339,'交城县',24),(340,'兴　县',24),(341,'临　县',24),(342,'柳林县',24),(343,'石楼县',24),(344,'岚　县',24),(345,'方山县',24),(346,'中阳县',24),(347,'交口县',24),(348,'孝义市',24),(349,'汾阳市',24),(350,'市辖区',25),(351,'新城区',25),(352,'回民区',25),(353,'玉泉区',25),(354,'赛罕区',25),(355,'土默特左旗',25),(356,'托克托县',25),(357,'和林格尔县',25),(358,'清水河县',25),(359,'武川县',25),(360,'市辖区',26),(361,'东河区',26),(362,'昆都仑区',26),(363,'青山区',26),(364,'石拐区',26),(365,'白云矿区',26),(366,'九原区',26),(367,'土默特右旗',26),(368,'固阳县',26),(369,'达尔罕茂明安联合旗',26),(370,'市辖区',27),(371,'海勃湾区',27),(372,'海南区',27),(373,'乌达区',27),(374,'市辖区',28),(375,'红山区',28),(376,'元宝山区',28),(377,'松山区',28),(378,'阿鲁科尔沁旗',28),(379,'巴林左旗',28),(380,'巴林右旗',28),(381,'林西县',28),(382,'克什克腾旗',28),(383,'翁牛特旗',28),(384,'喀喇沁旗',28),(385,'宁城县',28),(386,'敖汉旗',28),(387,'市辖区',29),(388,'科尔沁区',29),(389,'科尔沁左翼中旗',29),(390,'科尔沁左翼后旗',29),(391,'开鲁县',29),(392,'库伦旗',29),(393,'奈曼旗',29),(394,'扎鲁特旗',29),(395,'霍林郭勒市',29),(396,'东胜区',30),(397,'达拉特旗',30),(398,'准格尔旗',30),(399,'鄂托克前旗',30),(400,'鄂托克旗',30),(401,'杭锦旗',30),(402,'乌审旗',30),(403,'伊金霍洛旗',30),(404,'市辖区',31),(405,'海拉尔区',31),(406,'阿荣旗',31),(407,'莫力达瓦达斡尔族自治旗',31),(408,'鄂伦春自治旗',31),(409,'鄂温克族自治旗',31),(410,'陈巴尔虎旗',31),(411,'新巴尔虎左旗',31),(412,'新巴尔虎右旗',31),(413,'满洲里市',31),(414,'牙克石市',31),(415,'扎兰屯市',31),(416,'额尔古纳市',31),(417,'根河市',31),(418,'市辖区',32),(419,'临河区',32),(420,'五原县',32),(421,'磴口县',32),(422,'乌拉特前旗',32),(423,'乌拉特中旗',32),(424,'乌拉特后旗',32),(425,'杭锦后旗',32),(426,'市辖区',33),(427,'集宁区',33),(428,'卓资县',33),(429,'化德县',33),(430,'商都县',33),(431,'兴和县',33),(432,'凉城县',33),(433,'察哈尔右翼前旗',33),(434,'察哈尔右翼中旗',33),(435,'察哈尔右翼后旗',33),(436,'四子王旗',33),(437,'丰镇市',33),(438,'乌兰浩特市',34),(439,'阿尔山市',34),(440,'科尔沁右翼前旗',34),(441,'科尔沁右翼中旗',34),(442,'扎赉特旗',34),(443,'突泉县',34),(444,'二连浩特市',35),(445,'锡林浩特市',35),(446,'阿巴嘎旗',35),(447,'苏尼特左旗',35),(448,'苏尼特右旗',35),(449,'东乌珠穆沁旗',35),(450,'西乌珠穆沁旗',35),(451,'太仆寺旗',35),(452,'镶黄旗',35),(453,'正镶白旗',35),(454,'正蓝旗',35),(455,'多伦县',35),(456,'阿拉善左旗',36),(457,'阿拉善右旗',36),(458,'额济纳旗',36),(459,'市辖区',37),(460,'和平区',37),(461,'沈河区',37),(462,'大东区',37),(463,'皇姑区',37),(464,'铁西区',37),(465,'苏家屯区',37),(466,'东陵区',37),(467,'新城子区',37),(468,'于洪区',37),(469,'辽中县',37),(470,'康平县',37),(471,'法库县',37),(472,'新民市',37),(473,'市辖区',38),(474,'中山区',38),(475,'西岗区',38),(476,'沙河口区',38),(477,'甘井子区',38),(478,'旅顺口区',38),(479,'金州区',38),(480,'长海县',38),(481,'瓦房店市',38),(482,'普兰店市',38),(483,'庄河市',38),(484,'市辖区',39),(485,'铁东区',39),(486,'铁西区',39),(487,'立山区',39),(488,'千山区',39),(489,'台安县',39),(490,'岫岩满族自治县',39),(491,'海城市',39),(492,'市辖区',40),(493,'新抚区',40),(494,'东洲区',40),(495,'望花区',40),(496,'顺城区',40),(497,'抚顺县',40),(498,'新宾满族自治县',40),(499,'清原满族自治县',40),(500,'市辖区',41),(501,'平山区',41),(502,'溪湖区',41),(503,'明山区',41),(504,'南芬区',41),(505,'本溪满族自治县',41),(506,'桓仁满族自治县',41),(507,'市辖区',42),(508,'元宝区',42),(509,'振兴区',42),(510,'振安区',42),(511,'宽甸满族自治县',42),(512,'东港市',42),(513,'凤城市',42),(514,'市辖区',43),(515,'古塔区',43),(516,'凌河区',43),(517,'太和区',43),(518,'黑山县',43),(519,'义　县',43),(520,'凌海市',43),(521,'北宁市',43),(522,'市辖区',44),(523,'站前区',44),(524,'西市区',44),(525,'鲅鱼圈区',44),(526,'老边区',44),(527,'盖州市',44),(528,'大石桥市',44),(529,'市辖区',45),(530,'海州区',45),(531,'新邱区',45),(532,'太平区',45),(533,'清河门区',45),(534,'细河区',45),(535,'阜新蒙古族自治县',45),(536,'彰武县',45),(537,'市辖区',46),(538,'白塔区',46),(539,'文圣区',46),(540,'宏伟区',46),(541,'弓长岭区',46),(542,'太子河区',46),(543,'辽阳县',46),(544,'灯塔市',46),(545,'市辖区',47),(546,'双台子区',47),(547,'兴隆台区',47),(548,'大洼县',47),(549,'盘山县',47),(550,'市辖区',48),(551,'银州区',48),(552,'清河区',48),(553,'铁岭县',48),(554,'西丰县',48),(555,'昌图县',48),(556,'调兵山市',48),(557,'开原市',48),(558,'市辖区',49),(559,'双塔区',49),(560,'龙城区',49),(561,'朝阳县',49),(562,'建平县',49),(563,'喀喇沁左翼蒙古族自治县',49),(564,'北票市',49),(565,'凌源市',49),(566,'市辖区',50),(567,'连山区',50),(568,'龙港区',50),(569,'南票区',50),(570,'绥中县',50),(571,'建昌县',50),(572,'兴城市',50),(573,'市辖区',51),(574,'南关区',51),(575,'宽城区',51),(576,'朝阳区',51),(577,'二道区',51),(578,'绿园区',51),(579,'双阳区',51),(580,'农安县',51),(581,'九台市',51),(582,'榆树市',51),(583,'德惠市',51),(584,'市辖区',52),(585,'昌邑区',52),(586,'龙潭区',52),(587,'船营区',52),(588,'丰满区',52),(589,'永吉县',52),(590,'蛟河市',52),(591,'桦甸市',52),(592,'舒兰市',52),(593,'磐石市',52),(594,'市辖区',53),(595,'铁西区',53),(596,'铁东区',53),(597,'梨树县',53),(598,'伊通满族自治县',53),(599,'公主岭市',53),(600,'双辽市',53),(601,'市辖区',54),(602,'龙山区',54),(603,'西安区',54),(604,'东丰县',54),(605,'东辽县',54),(606,'市辖区',55),(607,'东昌区',55),(608,'二道江区',55),(609,'通化县',55),(610,'辉南县',55),(611,'柳河县',55),(612,'梅河口市',55),(613,'集安市',55),(614,'市辖区',56),(615,'八道江区',56),(616,'抚松县',56),(617,'靖宇县',56),(618,'长白朝鲜族自治县',56),(619,'江源县',56),(620,'临江市',56),(621,'市辖区',57),(622,'宁江区',57),(623,'前郭尔罗斯蒙古族自治县',57),(624,'长岭县',57),(625,'乾安县',57),(626,'扶余县',57),(627,'市辖区',58),(628,'洮北区',58),(629,'镇赉县',58),(630,'通榆县',58),(631,'洮南市',58),(632,'大安市',58),(633,'延吉市',59),(634,'图们市',59),(635,'敦化市',59),(636,'珲春市',59),(637,'龙井市',59),(638,'和龙市',59),(639,'汪清县',59),(640,'安图县',59),(641,'市辖区',60),(642,'道里区',60),(643,'南岗区',60),(644,'道外区',60),(645,'香坊区',60),(646,'动力区',60),(647,'平房区',60),(648,'松北区',60),(649,'呼兰区',60),(650,'依兰县',60),(651,'方正县',60),(652,'宾　县',60),(653,'巴彦县',60),(654,'木兰县',60),(655,'通河县',60),(656,'延寿县',60),(657,'阿城市',60),(658,'双城市',60),(659,'尚志市',60),(660,'五常市',60),(661,'市辖区',61),(662,'龙沙区',61),(663,'建华区',61),(664,'铁锋区',61),(665,'昂昂溪区',61),(666,'富拉尔基区',61),(667,'碾子山区',61),(668,'梅里斯达斡尔族区',61),(669,'龙江县',61),(670,'依安县',61),(671,'泰来县',61),(672,'甘南县',61),(673,'富裕县',61),(674,'克山县',61),(675,'克东县',61),(676,'拜泉县',61),(677,'讷河市',61),(678,'市辖区',62),(679,'鸡冠区',62),(680,'恒山区',62),(681,'滴道区',62),(682,'梨树区',62),(683,'城子河区',62),(684,'麻山区',62),(685,'鸡东县',62),(686,'虎林市',62),(687,'密山市',62),(688,'市辖区',63),(689,'向阳区',63),(690,'工农区',63),(691,'南山区',63),(692,'兴安区',63),(693,'东山区',63),(694,'兴山区',63),(695,'萝北县',63),(696,'绥滨县',63),(697,'市辖区',64),(698,'尖山区',64),(699,'岭东区',64),(700,'四方台区',64),(701,'宝山区',64),(702,'集贤县',64),(703,'友谊县',64),(704,'宝清县',64),(705,'饶河县',64),(706,'市辖区',65),(707,'萨尔图区',65),(708,'龙凤区',65),(709,'让胡路区',65),(710,'红岗区',65),(711,'大同区',65),(712,'肇州县',65),(713,'肇源县',65),(714,'林甸县',65),(715,'杜尔伯特蒙古族自治县',65),(716,'市辖区',66),(717,'伊春区',66),(718,'南岔区',66),(719,'友好区',66),(720,'西林区',66),(721,'翠峦区',66),(722,'新青区',66),(723,'美溪区',66),(724,'金山屯区',66),(725,'五营区',66),(726,'乌马河区',66),(727,'汤旺河区',66),(728,'带岭区',66),(729,'乌伊岭区',66),(730,'红星区',66),(731,'上甘岭区',66),(732,'嘉荫县',66),(733,'铁力市',66),(734,'市辖区',67),(735,'永红区',67),(736,'向阳区',67),(737,'前进区',67),(738,'东风区',67),(739,'郊　区',67),(740,'桦南县',67),(741,'桦川县',67),(742,'汤原县',67),(743,'抚远县',67),(744,'同江市',67),(745,'富锦市',67),(746,'市辖区',68),(747,'新兴区',68),(748,'桃山区',68),(749,'茄子河区',68),(750,'勃利县',68),(751,'市辖区',69),(752,'东安区',69),(753,'阳明区',69),(754,'爱民区',69),(755,'西安区',69),(756,'东宁县',69),(757,'林口县',69),(758,'绥芬河市',69),(759,'海林市',69),(760,'宁安市',69),(761,'穆棱市',69),(762,'市辖区',70),(763,'爱辉区',70),(764,'嫩江县',70),(765,'逊克县',70),(766,'孙吴县',70),(767,'北安市',70),(768,'五大连池市',70),(769,'市辖区',71),(770,'北林区',71),(771,'望奎县',71),(772,'兰西县',71),(773,'青冈县',71),(774,'庆安县',71),(775,'明水县',71),(776,'绥棱县',71),(777,'安达市',71),(778,'肇东市',71),(779,'海伦市',71),(780,'呼玛县',72),(781,'塔河县',72),(782,'漠河县',72),(783,'黄浦区',73),(784,'卢湾区',73),(785,'徐汇区',73),(786,'长宁区',73),(787,'静安区',73),(788,'普陀区',73),(789,'闸北区',73),(790,'虹口区',73),(791,'杨浦区',73),(792,'闵行区',73),(793,'宝山区',73),(794,'嘉定区',73),(795,'浦东新区',73),(796,'金山区',73),(797,'松江区',73),(798,'青浦区',73),(799,'南汇区',73),(800,'奉贤区',73),(801,'崇明县',73),(802,'市辖区',74),(803,'玄武区',74),(804,'白下区',74),(805,'秦淮区',74),(806,'建邺区',74),(807,'鼓楼区',74),(808,'下关区',74),(809,'浦口区',74),(810,'栖霞区',74),(811,'雨花台区',74),(812,'江宁区',74),(813,'六合区',74),(814,'溧水县',74),(815,'高淳县',74),(816,'市辖区',75),(817,'崇安区',75),(818,'南长区',75),(819,'北塘区',75),(820,'锡山区',75),(821,'惠山区',75),(822,'滨湖区',75),(823,'江阴市',75),(824,'宜兴市',75),(825,'市辖区',76),(826,'鼓楼区',76),(827,'云龙区',76),(828,'九里区',76),(829,'贾汪区',76),(830,'泉山区',76),(831,'丰　县',76),(832,'沛　县',76),(833,'铜山县',76),(834,'睢宁县',76),(835,'新沂市',76),(836,'邳州市',76),(837,'市辖区',77),(838,'天宁区',77),(839,'钟楼区',77),(840,'戚墅堰区',77),(841,'新北区',77),(842,'武进区',77),(843,'溧阳市',77),(844,'金坛市',77),(845,'市辖区',78),(846,'沧浪区',78),(847,'平江区',78),(848,'金阊区',78),(849,'虎丘区',78),(850,'吴中区',78),(851,'相城区',78),(852,'常熟市',78),(853,'张家港市',78),(854,'昆山市',78),(855,'吴江市',78),(856,'太仓市',78),(857,'市辖区',79),(858,'崇川区',79),(859,'港闸区',79),(860,'海安县',79),(861,'如东县',79),(862,'启东市',79),(863,'如皋市',79),(864,'通州市',79),(865,'海门市',79),(866,'市辖区',80),(867,'连云区',80),(868,'新浦区',80),(869,'海州区',80),(870,'赣榆县',80),(871,'东海县',80),(872,'灌云县',80),(873,'灌南县',80),(874,'市辖区',81),(875,'清河区',81),(876,'楚州区',81),(877,'淮阴区',81),(878,'清浦区',81),(879,'涟水县',81),(880,'洪泽县',81),(881,'盱眙县',81),(882,'金湖县',81),(883,'市辖区',82),(884,'亭湖区',82),(885,'盐都区',82),(886,'响水县',82),(887,'滨海县',82),(888,'阜宁县',82),(889,'射阳县',82),(890,'建湖县',82),(891,'东台市',82),(892,'大丰市',82),(893,'市辖区',83),(894,'广陵区',83),(895,'邗江区',83),(896,'郊　区',83),(897,'宝应县',83),(898,'仪征市',83),(899,'高邮市',83),(900,'江都市',83),(901,'市辖区',84),(902,'京口区',84),(903,'润州区',84),(904,'丹徒区',84),(905,'丹阳市',84),(906,'扬中市',84),(907,'句容市',84),(908,'市辖区',85),(909,'海陵区',85),(910,'高港区',85),(911,'兴化市',85),(912,'靖江市',85),(913,'泰兴市',85),(914,'姜堰市',85),(915,'市辖区',86),(916,'宿城区',86),(917,'宿豫区',86),(918,'沭阳县',86),(919,'泗阳县',86),(920,'泗洪县',86),(921,'市辖区',88),(922,'上城区',88),(923,'下城区',88),(924,'江干区',88),(925,'拱墅区',88),(926,'西湖区',88),(927,'滨江区',88),(928,'萧山区',88),(929,'余杭区',88),(930,'桐庐县',88),(931,'淳安县',88),(932,'建德市',88),(933,'富阳市',88),(934,'临安市',88),(935,'市辖区',89),(936,'海曙区',89),(937,'江东区',89),(938,'江北区',89),(939,'北仑区',89),(940,'镇海区',89),(941,'鄞州区',89),(942,'象山县',89),(943,'宁海县',89),(944,'余姚市',89),(945,'慈溪市',89),(946,'奉化市',89),(947,'市辖区',90),(948,'鹿城区',90),(949,'龙湾区',90),(950,'瓯海区',90),(951,'洞头县',90),(952,'永嘉县',90),(953,'平阳县',90),(954,'苍南县',90),(955,'文成县',90),(956,'泰顺县',90),(957,'瑞安市',90),(958,'乐清市',90),(959,'市辖区',91),(960,'秀城区',91),(961,'秀洲区',91),(962,'嘉善县',91),(963,'海盐县',91),(964,'海宁市',91),(965,'平湖市',91),(966,'桐乡市',91),(967,'市辖区',92),(968,'吴兴区',92),(969,'南浔区',92),(970,'德清县',92),(971,'长兴县',92),(972,'安吉县',92),(973,'市辖区',93),(974,'越城区',93),(975,'绍兴县',93),(976,'新昌县',93),(977,'诸暨市',93),(978,'上虞市',93),(979,'嵊州市',93),(980,'市辖区',94),(981,'婺城区',94),(982,'金东区',94),(983,'武义县',94),(984,'浦江县',94),(985,'磐安县',94),(986,'兰溪市',94),(987,'义乌市',94),(988,'东阳市',94),(989,'永康市',94),(990,'市辖区',95),(991,'柯城区',95),(992,'衢江区',95),(993,'常山县',95),(994,'开化县',95),(995,'龙游县',95),(996,'江山市',95),(997,'市辖区',96),(998,'定海区',96),(999,'普陀区',96),(1000,'岱山县',96),(1001,'嵊泗县',96),(1002,'市辖区',97),(1003,'椒江区',97),(1004,'黄岩区',97),(1005,'路桥区',97),(1006,'玉环县',97),(1007,'三门县',97),(1008,'天台县',97),(1009,'仙居县',97),(1010,'温岭市',97),(1011,'临海市',97),(1012,'市辖区',98),(1013,'莲都区',98),(1014,'青田县',98),(1015,'缙云县',98),(1016,'遂昌县',98),(1017,'松阳县',98),(1018,'云和县',98),(1019,'庆元县',98),(1020,'景宁畲族自治县',98),(1021,'龙泉市',98),(1022,'市辖区',99),(1023,'瑶海区',99),(1024,'庐阳区',99),(1025,'蜀山区',99),(1026,'包河区',99),(1027,'长丰县',99),(1028,'肥东县',99),(1029,'肥西县',99),(1030,'市辖区',100),(1031,'镜湖区',100),(1032,'马塘区',100),(1033,'新芜区',100),(1034,'鸠江区',100),(1035,'芜湖县',100),(1036,'繁昌县',100),(1037,'南陵县',100),(1038,'市辖区',101),(1039,'龙子湖区',101),(1040,'蚌山区',101),(1041,'禹会区',101),(1042,'淮上区',101),(1043,'怀远县',101),(1044,'五河县',101),(1045,'固镇县',101),(1046,'市辖区',102),(1047,'大通区',102),(1048,'田家庵区',102),(1049,'谢家集区',102),(1050,'八公山区',102),(1051,'潘集区',102),(1052,'凤台县',102),(1053,'市辖区',103),(1054,'金家庄区',103),(1055,'花山区',103),(1056,'雨山区',103),(1057,'当涂县',103),(1058,'市辖区',104),(1059,'杜集区',104),(1060,'相山区',104),(1061,'烈山区',104),(1062,'濉溪县',104),(1063,'市辖区',105),(1064,'铜官山区',105),(1065,'狮子山区',105),(1066,'郊　区',105),(1067,'铜陵县',105),(1068,'市辖区',106),(1069,'迎江区',106),(1070,'大观区',106),(1071,'郊　区',106),(1072,'怀宁县',106),(1073,'枞阳县',106),(1074,'潜山县',106),(1075,'太湖县',106),(1076,'宿松县',106),(1077,'望江县',106),(1078,'岳西县',106),(1079,'桐城市',106),(1080,'市辖区',107),(1081,'屯溪区',107),(1082,'黄山区',107),(1083,'徽州区',107),(1084,'歙　县',107),(1085,'休宁县',107),(1086,'黟　县',107),(1087,'祁门县',107),(1088,'市辖区',108),(1089,'琅琊区',108),(1090,'南谯区',108),(1091,'来安县',108),(1092,'全椒县',108),(1093,'定远县',108),(1094,'凤阳县',108),(1095,'天长市',108),(1096,'明光市',108),(1097,'市辖区',109),(1098,'颍州区',109),(1099,'颍东区',109),(1100,'颍泉区',109),(1101,'临泉县',109),(1102,'太和县',109),(1103,'阜南县',109),(1104,'颍上县',109),(1105,'界首市',109),(1106,'市辖区',110),(1107,'墉桥区',110),(1108,'砀山县',110),(1109,'萧　县',110),(1110,'灵璧县',110),(1111,'泗　县',110),(1112,'市辖区',111),(1113,'居巢区',111),(1114,'庐江县',111),(1115,'无为县',111),(1116,'含山县',111),(1117,'和　县',111),(1118,'市辖区',112),(1119,'金安区',112),(1120,'裕安区',112),(1121,'寿　县',112),(1122,'霍邱县',112),(1123,'舒城县',112),(1124,'金寨县',112),(1125,'霍山县',112),(1126,'市辖区',113),(1127,'谯城区',113),(1128,'涡阳县',113),(1129,'蒙城县',113),(1130,'利辛县',113),(1131,'市辖区',114),(1132,'贵池区',114),(1133,'东至县',114),(1134,'石台县',114),(1135,'青阳县',114),(1136,'市辖区',115),(1137,'宣州区',115),(1138,'郎溪县',115),(1139,'广德县',115),(1140,'泾　县',115),(1141,'绩溪县',115),(1142,'旌德县',115),(1143,'宁国市',115),(1144,'市辖区',116),(1145,'鼓楼区',116),(1146,'台江区',116),(1147,'仓山区',116),(1148,'马尾区',116),(1149,'晋安区',116),(1150,'闽侯县',116),(1151,'连江县',116),(1152,'罗源县',116),(1153,'闽清县',116),(1154,'永泰县',116),(1155,'平潭县',116),(1156,'福清市',116),(1157,'长乐市',116),(1158,'市辖区',117),(1159,'思明区',117),(1160,'海沧区',117),(1161,'湖里区',117),(1162,'集美区',117),(1163,'同安区',117),(1164,'翔安区',117),(1165,'市辖区',118),(1166,'城厢区',118),(1167,'涵江区',118),(1168,'荔城区',118),(1169,'秀屿区',118),(1170,'仙游县',118),(1171,'市辖区',119),(1172,'梅列区',119),(1173,'三元区',119),(1174,'明溪县',119),(1175,'清流县',119),(1176,'宁化县',119),(1177,'大田县',119),(1178,'尤溪县',119),(1179,'沙　县',119),(1180,'将乐县',119),(1181,'泰宁县',119),(1182,'建宁县',119),(1183,'永安市',119),(1184,'市辖区',120),(1185,'鲤城区',120),(1186,'丰泽区',120),(1187,'洛江区',120),(1188,'泉港区',120),(1189,'惠安县',120),(1190,'安溪县',120),(1191,'永春县',120),(1192,'德化县',120),(1193,'金门县',120),(1194,'石狮市',120),(1195,'晋江市',120),(1196,'南安市',120),(1197,'市辖区',121),(1198,'芗城区',121),(1199,'龙文区',121),(1200,'云霄县',121),(1201,'漳浦县',121),(1202,'诏安县',121),(1203,'长泰县',121),(1204,'东山县',121),(1205,'南靖县',121),(1206,'平和县',121),(1207,'华安县',121),(1208,'龙海市',121),(1209,'市辖区',122),(1210,'延平区',122),(1211,'顺昌县',122),(1212,'浦城县',122),(1213,'光泽县',122),(1214,'松溪县',122),(1215,'政和县',122),(1216,'邵武市',122),(1217,'武夷山市',122),(1218,'建瓯市',122),(1219,'建阳市',122),(1220,'市辖区',123),(1221,'新罗区',123),(1222,'长汀县',123),(1223,'永定县',123),(1224,'上杭县',123),(1225,'武平县',123),(1226,'连城县',123),(1227,'漳平市',123),(1228,'市辖区',124),(1229,'蕉城区',124),(1230,'霞浦县',124),(1231,'古田县',124),(1232,'屏南县',124),(1233,'寿宁县',124),(1234,'周宁县',124),(1235,'柘荣县',124),(1236,'福安市',124),(1237,'福鼎市',124),(1238,'市辖区',125),(1239,'东湖区',125),(1240,'西湖区',125),(1241,'青云谱区',125),(1242,'湾里区',125),(1243,'青山湖区',125),(1244,'南昌县',125),(1245,'新建县',125),(1246,'安义县',125),(1247,'进贤县',125),(1248,'市辖区',126),(1249,'昌江区',126),(1250,'珠山区',126),(1251,'浮梁县',126),(1252,'乐平市',126),(1253,'市辖区',127),(1254,'安源区',127),(1255,'湘东区',127),(1256,'莲花县',127),(1257,'上栗县',127),(1258,'芦溪县',127),(1259,'市辖区',128),(1260,'庐山区',128),(1261,'浔阳区',128),(1262,'九江县',128),(1263,'武宁县',128),(1264,'修水县',128),(1265,'永修县',128),(1266,'德安县',128),(1267,'星子县',128),(1268,'都昌县',128),(1269,'湖口县',128),(1270,'彭泽县',128),(1271,'瑞昌市',128),(1272,'市辖区',129),(1273,'渝水区',129),(1274,'分宜县',129),(1275,'市辖区',130),(1276,'月湖区',130),(1277,'余江县',130),(1278,'贵溪市',130),(1279,'市辖区',131),(1280,'章贡区',131),(1281,'赣　县',131),(1282,'信丰县',131),(1283,'大余县',131),(1284,'上犹县',131),(1285,'崇义县',131),(1286,'安远县',131),(1287,'龙南县',131),(1288,'定南县',131),(1289,'全南县',131),(1290,'宁都县',131),(1291,'于都县',131),(1292,'兴国县',131),(1293,'会昌县',131),(1294,'寻乌县',131),(1295,'石城县',131),(1296,'瑞金市',131),(1297,'南康市',131),(1298,'市辖区',132),(1299,'吉州区',132),(1300,'青原区',132),(1301,'吉安县',132),(1302,'吉水县',132),(1303,'峡江县',132),(1304,'新干县',132),(1305,'永丰县',132),(1306,'泰和县',132),(1307,'遂川县',132),(1308,'万安县',132),(1309,'安福县',132),(1310,'永新县',132),(1311,'井冈山市',132),(1312,'市辖区',133),(1313,'袁州区',133),(1314,'奉新县',133),(1315,'万载县',133),(1316,'上高县',133),(1317,'宜丰县',133),(1318,'靖安县',133),(1319,'铜鼓县',133),(1320,'丰城市',133),(1321,'樟树市',133),(1322,'高安市',133),(1323,'市辖区',134),(1324,'临川区',134),(1325,'南城县',134),(1326,'黎川县',134),(1327,'南丰县',134),(1328,'崇仁县',134),(1329,'乐安县',134),(1330,'宜黄县',134),(1331,'金溪县',134),(1332,'资溪县',134),(1333,'东乡县',134),(1334,'广昌县',134),(1335,'市辖区',135),(1336,'信州区',135),(1337,'上饶县',135),(1338,'广丰县',135),(1339,'玉山县',135),(1340,'铅山县',135),(1341,'横峰县',135),(1342,'弋阳县',135),(1343,'余干县',135),(1344,'鄱阳县',135),(1345,'万年县',135),(1346,'婺源县',135),(1347,'德兴市',135),(1348,'市辖区',136),(1349,'历下区',136),(1350,'市中区',136),(1351,'槐荫区',136),(1352,'天桥区',136),(1353,'历城区',136),(1354,'长清区',136),(1355,'平阴县',136),(1356,'济阳县',136),(1357,'商河县',136),(1358,'章丘市',136),(1359,'市辖区',137),(1360,'市南区',137),(1361,'市北区',137),(1362,'四方区',137),(1363,'黄岛区',137),(1364,'崂山区',137),(1365,'李沧区',137),(1366,'城阳区',137),(1367,'胶州市',137),(1368,'即墨市',137),(1369,'平度市',137),(1370,'胶南市',137),(1371,'莱西市',137),(1372,'市辖区',138),(1373,'淄川区',138),(1374,'张店区',138),(1375,'博山区',138),(1376,'临淄区',138),(1377,'周村区',138),(1378,'桓台县',138),(1379,'高青县',138),(1380,'沂源县',138),(1381,'市辖区',139),(1382,'市中区',139),(1383,'薛城区',139),(1384,'峄城区',139),(1385,'台儿庄区',139),(1386,'山亭区',139),(1387,'滕州市',139),(1388,'市辖区',140),(1389,'东营区',140),(1390,'河口区',140),(1391,'垦利县',140),(1392,'利津县',140),(1393,'广饶县',140),(1394,'市辖区',141),(1395,'芝罘区',141),(1396,'福山区',141),(1397,'牟平区',141),(1398,'莱山区',141),(1399,'长岛县',141),(1400,'龙口市',141),(1401,'莱阳市',141),(1402,'莱州市',141),(1403,'蓬莱市',141),(1404,'招远市',141),(1405,'栖霞市',141),(1406,'海阳市',141),(1407,'市辖区',142),(1408,'潍城区',142),(1409,'寒亭区',142),(1410,'坊子区',142),(1411,'奎文区',142),(1412,'临朐县',142),(1413,'昌乐县',142),(1414,'青州市',142),(1415,'诸城市',142),(1416,'寿光市',142),(1417,'安丘市',142),(1418,'高密市',142),(1419,'昌邑市',142),(1420,'市辖区',143),(1421,'市中区',143),(1422,'任城区',143),(1423,'微山县',143),(1424,'鱼台县',143),(1425,'金乡县',143),(1426,'嘉祥县',143),(1427,'汶上县',143),(1428,'泗水县',143),(1429,'梁山县',143),(1430,'曲阜市',143),(1431,'兖州市',143),(1432,'邹城市',143),(1433,'市辖区',144),(1434,'泰山区',144),(1435,'岱岳区',144),(1436,'宁阳县',144),(1437,'东平县',144),(1438,'新泰市',144),(1439,'肥城市',144),(1440,'市辖区',145),(1441,'环翠区',145),(1442,'文登市',145),(1443,'荣成市',145),(1444,'乳山市',145),(1445,'市辖区',146),(1446,'东港区',146),(1447,'岚山区',146),(1448,'五莲县',146),(1449,'莒　县',146),(1450,'市辖区',147),(1451,'莱城区',147),(1452,'钢城区',147),(1453,'市辖区',148),(1454,'兰山区',148),(1455,'罗庄区',148),(1456,'河东区',148),(1457,'沂南县',148),(1458,'郯城县',148),(1459,'沂水县',148),(1460,'苍山县',148),(1461,'费　县',148),(1462,'平邑县',148),(1463,'莒南县',148),(1464,'蒙阴县',148),(1465,'临沭县',148),(1466,'市辖区',149),(1467,'德城区',149),(1468,'陵　县',149),(1469,'宁津县',149),(1470,'庆云县',149),(1471,'临邑县',149),(1472,'齐河县',149),(1473,'平原县',149),(1474,'夏津县',149),(1475,'武城县',149),(1476,'乐陵市',149),(1477,'禹城市',149),(1478,'市辖区',150),(1479,'东昌府区',150),(1480,'阳谷县',150),(1481,'莘　县',150),(1482,'茌平县',150),(1483,'东阿县',150),(1484,'冠　县',150),(1485,'高唐县',150),(1486,'临清市',150),(1487,'市辖区',151),(1488,'滨城区',151),(1489,'惠民县',151),(1490,'阳信县',151),(1491,'无棣县',151),(1492,'沾化县',151),(1493,'博兴县',151),(1494,'邹平县',151),(1495,'市辖区',152),(1496,'牡丹区',152),(1497,'曹　县',152),(1498,'单　县',152),(1499,'成武县',152),(1500,'巨野县',152),(1501,'郓城县',152),(1502,'鄄城县',152),(1503,'定陶县',152),(1504,'东明县',152),(1505,'市辖区',153),(1506,'中原区',153),(1507,'二七区',153),(1508,'管城回族区',153),(1509,'金水区',153),(1510,'上街区',153),(1511,'邙山区',153),(1512,'中牟县',153),(1513,'巩义市',153),(1514,'荥阳市',153),(1515,'新密市',153),(1516,'新郑市',153),(1517,'登封市',153),(1518,'市辖区',154),(1519,'龙亭区',154),(1520,'顺河回族区',154),(1521,'鼓楼区',154),(1522,'南关区',154),(1523,'郊　区',154),(1524,'杞　县',154),(1525,'通许县',154),(1526,'尉氏县',154),(1527,'开封县',154),(1528,'兰考县',154),(1529,'市辖区',155),(1530,'老城区',155),(1531,'西工区',155),(1532,'廛河回族区',155),(1533,'涧西区',155),(1534,'吉利区',155),(1535,'洛龙区',155),(1536,'孟津县',155),(1537,'新安县',155),(1538,'栾川县',155),(1539,'嵩　县',155),(1540,'汝阳县',155),(1541,'宜阳县',155),(1542,'洛宁县',155),(1543,'伊川县',155),(1544,'偃师市',155),(1545,'市辖区',156),(1546,'新华区',156),(1547,'卫东区',156),(1548,'石龙区',156),(1549,'湛河区',156),(1550,'宝丰县',156),(1551,'叶　县',156),(1552,'鲁山县',156),(1553,'郏　县',156),(1554,'舞钢市',156),(1555,'汝州市',156),(1556,'市辖区',157),(1557,'文峰区',157),(1558,'北关区',157),(1559,'殷都区',157),(1560,'龙安区',157),(1561,'安阳县',157),(1562,'汤阴县',157),(1563,'滑　县',157),(1564,'内黄县',157),(1565,'林州市',157),(1566,'市辖区',158),(1567,'鹤山区',158),(1568,'山城区',158),(1569,'淇滨区',158),(1570,'浚　县',158),(1571,'淇　县',158),(1572,'市辖区',159),(1573,'红旗区',159),(1574,'卫滨区',159),(1575,'凤泉区',159),(1576,'牧野区',159),(1577,'新乡县',159),(1578,'获嘉县',159),(1579,'原阳县',159),(1580,'延津县',159),(1581,'封丘县',159),(1582,'长垣县',159),(1583,'卫辉市',159),(1584,'辉县市',159),(1585,'市辖区',160),(1586,'解放区',160),(1587,'中站区',160),(1588,'马村区',160),(1589,'山阳区',160),(1590,'修武县',160),(1591,'博爱县',160),(1592,'武陟县',160),(1593,'温　县',160),(1594,'济源市',160),(1595,'沁阳市',160),(1596,'孟州市',160),(1597,'市辖区',161),(1598,'华龙区',161),(1599,'清丰县',161),(1600,'南乐县',161),(1601,'范　县',161),(1602,'台前县',161),(1603,'濮阳县',161),(1604,'市辖区',162),(1605,'魏都区',162),(1606,'许昌县',162),(1607,'鄢陵县',162),(1608,'襄城县',162),(1609,'禹州市',162),(1610,'长葛市',162),(1611,'市辖区',163),(1612,'源汇区',163),(1613,'郾城区',163),(1614,'召陵区',163),(1615,'舞阳县',163),(1616,'临颍县',163),(1617,'市辖区',164),(1618,'湖滨区',164),(1619,'渑池县',164),(1620,'陕　县',164),(1621,'卢氏县',164),(1622,'义马市',164),(1623,'灵宝市',164),(1624,'市辖区',165),(1625,'宛城区',165),(1626,'卧龙区',165),(1627,'南召县',165),(1628,'方城县',165),(1629,'西峡县',165),(1630,'镇平县',165),(1631,'内乡县',165),(1632,'淅川县',165),(1633,'社旗县',165),(1634,'唐河县',165),(1635,'新野县',165),(1636,'桐柏县',165),(1637,'邓州市',165),(1638,'市辖区',166),(1639,'梁园区',166),(1640,'睢阳区',166),(1641,'民权县',166),(1642,'睢　县',166),(1643,'宁陵县',166),(1644,'柘城县',166),(1645,'虞城县',166),(1646,'夏邑县',166),(1647,'永城市',166),(1648,'市辖区',167),(1649,'师河区',167),(1650,'平桥区',167),(1651,'罗山县',167),(1652,'光山县',167),(1653,'新　县',167),(1654,'商城县',167),(1655,'固始县',167),(1656,'潢川县',167),(1657,'淮滨县',167),(1658,'息　县',167),(1659,'市辖区',168),(1660,'川汇区',168),(1661,'扶沟县',168),(1662,'西华县',168),(1663,'商水县',168),(1664,'沈丘县',168),(1665,'郸城县',168),(1666,'淮阳县',168),(1667,'太康县',168),(1668,'鹿邑县',168),(1669,'项城市',168),(1670,'市辖区',169),(1671,'驿城区',169),(1672,'西平县',169),(1673,'上蔡县',169),(1674,'平舆县',169),(1675,'正阳县',169),(1676,'确山县',169),(1677,'泌阳县',169),(1678,'汝南县',169),(1679,'遂平县',169),(1680,'新蔡县',169),(1681,'市辖区',170),(1682,'江岸区',170),(1683,'江汉区',170),(1684,'乔口区',170),(1685,'汉阳区',170),(1686,'武昌区',170),(1687,'青山区',170),(1688,'洪山区',170),(1689,'东西湖区',170),(1690,'汉南区',170),(1691,'蔡甸区',170),(1692,'江夏区',170),(1693,'黄陂区',170),(1694,'新洲区',170),(1695,'市辖区',171),(1696,'黄石港区',171),(1697,'西塞山区',171),(1698,'下陆区',171),(1699,'铁山区',171),(1700,'阳新县',171),(1701,'大冶市',171),(1702,'市辖区',172),(1703,'茅箭区',172),(1704,'张湾区',172),(1705,'郧　县',172),(1706,'郧西县',172),(1707,'竹山县',172),(1708,'竹溪县',172),(1709,'房　县',172),(1710,'丹江口市',172),(1711,'市辖区',173),(1712,'西陵区',173),(1713,'伍家岗区',173),(1714,'点军区',173),(1715,'猇亭区',173),(1716,'夷陵区',173),(1717,'远安县',173),(1718,'兴山县',173),(1719,'秭归县',173),(1720,'长阳土家族自治县',173),(1721,'五峰土家族自治县',173),(1722,'宜都市',173),(1723,'当阳市',173),(1724,'枝江市',173),(1725,'市辖区',174),(1726,'襄城区',174),(1727,'樊城区',174),(1728,'襄阳区',174),(1729,'南漳县',174),(1730,'谷城县',174),(1731,'保康县',174),(1732,'老河口市',174),(1733,'枣阳市',174),(1734,'宜城市',174),(1735,'市辖区',175),(1736,'梁子湖区',175),(1737,'华容区',175),(1738,'鄂城区',175),(1739,'市辖区',176),(1740,'东宝区',176),(1741,'掇刀区',176),(1742,'京山县',176),(1743,'沙洋县',176),(1744,'钟祥市',176),(1745,'市辖区',177),(1746,'孝南区',177),(1747,'孝昌县',177),(1748,'大悟县',177),(1749,'云梦县',177),(1750,'应城市',177),(1751,'安陆市',177),(1752,'汉川市',177),(1753,'市辖区',178),(1754,'沙市区',178),(1755,'荆州区',178),(1756,'公安县',178),(1757,'监利县',178),(1758,'江陵县',178),(1759,'石首市',178),(1760,'洪湖市',178),(1761,'松滋市',178),(1762,'市辖区',179),(1763,'黄州区',179),(1764,'团风县',179),(1765,'红安县',179),(1766,'罗田县',179),(1767,'英山县',179),(1768,'浠水县',179),(1769,'蕲春县',179),(1770,'黄梅县',179),(1771,'麻城市',179),(1772,'武穴市',179),(1773,'市辖区',180),(1774,'咸安区',180),(1775,'嘉鱼县',180),(1776,'通城县',180),(1777,'崇阳县',180),(1778,'通山县',180),(1779,'赤壁市',180),(1780,'市辖区',181),(1781,'曾都区',181),(1782,'广水市',181),(1783,'恩施市',182),(1784,'利川市',182),(1785,'建始县',182),(1786,'巴东县',182),(1787,'宣恩县',182),(1788,'咸丰县',182),(1789,'来凤县',182),(1790,'鹤峰县',182),(1791,'仙桃市',NULL),(1792,'潜江市',NULL),(1793,'天门市',NULL),(1794,'神农架林区',NULL),(1795,'市辖区',187),(1796,'芙蓉区',187),(1797,'天心区',187),(1798,'岳麓区',187),(1799,'开福区',187),(1800,'雨花区',187),(1801,'长沙县',187),(1802,'望城县',187),(1803,'宁乡县',187),(1804,'浏阳市',187),(1805,'市辖区',188),(1806,'荷塘区',188),(1807,'芦淞区',188),(1808,'石峰区',188),(1809,'天元区',188),(1810,'株洲县',188),(1811,'攸　县',188),(1812,'茶陵县',188),(1813,'炎陵县',188),(1814,'醴陵市',188),(1815,'市辖区',189),(1816,'雨湖区',189),(1817,'岳塘区',189),(1818,'湘潭县',189),(1819,'湘乡市',189),(1820,'韶山市',189),(1821,'市辖区',190),(1822,'珠晖区',190),(1823,'雁峰区',190),(1824,'石鼓区',190),(1825,'蒸湘区',190),(1826,'南岳区',190),(1827,'衡阳县',190),(1828,'衡南县',190),(1829,'衡山县',190),(1830,'衡东县',190),(1831,'祁东县',190),(1832,'耒阳市',190),(1833,'常宁市',190),(1834,'市辖区',191),(1835,'双清区',191),(1836,'大祥区',191),(1837,'北塔区',191),(1838,'邵东县',191),(1839,'新邵县',191),(1840,'邵阳县',191),(1841,'隆回县',191),(1842,'洞口县',191),(1843,'绥宁县',191),(1844,'新宁县',191),(1845,'城步苗族自治县',191),(1846,'武冈市',191),(1847,'市辖区',192),(1848,'岳阳楼区',192),(1849,'云溪区',192),(1850,'君山区',192),(1851,'岳阳县',192),(1852,'华容县',192),(1853,'湘阴县',192),(1854,'平江县',192),(1855,'汨罗市',192),(1856,'临湘市',192),(1857,'市辖区',193),(1858,'武陵区',193),(1859,'鼎城区',193),(1860,'安乡县',193),(1861,'汉寿县',193),(1862,'澧　县',193),(1863,'临澧县',193),(1864,'桃源县',193),(1865,'石门县',193),(1866,'津市市',193),(1867,'市辖区',194),(1868,'永定区',194),(1869,'武陵源区',194),(1870,'慈利县',194),(1871,'桑植县',194),(1872,'市辖区',195),(1873,'资阳区',195),(1874,'赫山区',195),(1875,'南　县',195),(1876,'桃江县',195),(1877,'安化县',195),(1878,'沅江市',195),(1879,'市辖区',196),(1880,'北湖区',196),(1881,'苏仙区',196),(1882,'桂阳县',196),(1883,'宜章县',196),(1884,'永兴县',196),(1885,'嘉禾县',196),(1886,'临武县',196),(1887,'汝城县',196),(1888,'桂东县',196),(1889,'安仁县',196),(1890,'资兴市',196),(1891,'市辖区',197),(1892,'芝山区',197),(1893,'冷水滩区',197),(1894,'祁阳县',197),(1895,'东安县',197),(1896,'双牌县',197),(1897,'道　县',197),(1898,'江永县',197),(1899,'宁远县',197),(1900,'蓝山县',197),(1901,'新田县',197),(1902,'江华瑶族自治县',197),(1903,'市辖区',198),(1904,'鹤城区',198),(1905,'中方县',198),(1906,'沅陵县',198),(1907,'辰溪县',198),(1908,'溆浦县',198),(1909,'会同县',198),(1910,'麻阳苗族自治县',198),(1911,'新晃侗族自治县',198),(1912,'芷江侗族自治县',198),(1913,'靖州苗族侗族自治县',198),(1914,'通道侗族自治县',198),(1915,'洪江市',198),(1916,'市辖区',199),(1917,'娄星区',199),(1918,'双峰县',199),(1919,'新化县',199),(1920,'冷水江市',199),(1921,'涟源市',199),(1922,'吉首市',200),(1923,'泸溪县',200),(1924,'凤凰县',200),(1925,'花垣县',200),(1926,'保靖县',200),(1927,'古丈县',200),(1928,'永顺县',200),(1929,'龙山县',200),(1930,'市辖区',201),(1931,'东山区',201),(1932,'荔湾区',201),(1933,'越秀区',201),(1934,'海珠区',201),(1935,'天河区',201),(1936,'芳村区',201),(1937,'白云区',201),(1938,'黄埔区',201),(1939,'番禺区',201),(1940,'花都区',201),(1941,'增城市',201),(1942,'从化市',201),(1943,'市辖区',202),(1944,'武江区',202),(1945,'浈江区',202),(1946,'曲江区',202),(1947,'始兴县',202),(1948,'仁化县',202),(1949,'翁源县',202),(1950,'乳源瑶族自治县',202),(1951,'新丰县',202),(1952,'乐昌市',202),(1953,'南雄市',202),(1954,'市辖区',203),(1955,'罗湖区',203),(1956,'福田区',203),(1957,'南山区',203),(1958,'宝安区',203),(1959,'龙岗区',203),(1960,'盐田区',203),(1961,'市辖区',204),(1962,'香洲区',204),(1963,'斗门区',204),(1964,'金湾区',204),(1965,'市辖区',205),(1966,'龙湖区',205),(1967,'金平区',205),(1968,'濠江区',205),(1969,'潮阳区',205),(1970,'潮南区',205),(1971,'澄海区',205),(1972,'南澳县',205),(1973,'市辖区',206),(1974,'禅城区',206),(1975,'南海区',206),(1976,'顺德区',206),(1977,'三水区',206),(1978,'高明区',206),(1979,'市辖区',207),(1980,'蓬江区',207),(1981,'江海区',207),(1982,'新会区',207),(1983,'台山市',207),(1984,'开平市',207),(1985,'鹤山市',207),(1986,'恩平市',207),(1987,'市辖区',208),(1988,'赤坎区',208),(1989,'霞山区',208),(1990,'坡头区',208),(1991,'麻章区',208),(1992,'遂溪县',208),(1993,'徐闻县',208),(1994,'廉江市',208),(1995,'雷州市',208),(1996,'吴川市',208),(1997,'市辖区',209),(1998,'茂南区',209),(1999,'茂港区',209),(2000,'电白县',209),(2001,'高州市',209),(2002,'化州市',209),(2003,'信宜市',209),(2004,'市辖区',210),(2005,'端州区',210),(2006,'鼎湖区',210),(2007,'广宁县',210),(2008,'怀集县',210),(2009,'封开县',210),(2010,'德庆县',210),(2011,'高要市',210),(2012,'四会市',210),(2013,'市辖区',211),(2014,'惠城区',211),(2015,'惠阳区',211),(2016,'博罗县',211),(2017,'惠东县',211),(2018,'龙门县',211),(2019,'市辖区',212),(2020,'梅江区',212),(2021,'梅　县',212),(2022,'大埔县',212),(2023,'丰顺县',212),(2024,'五华县',212),(2025,'平远县',212),(2026,'蕉岭县',212),(2027,'兴宁市',212),(2028,'市辖区',213),(2029,'城　区',213),(2030,'海丰县',213),(2031,'陆河县',213),(2032,'陆丰市',213),(2033,'市辖区',214),(2034,'源城区',214),(2035,'紫金县',214),(2036,'龙川县',214),(2037,'连平县',214),(2038,'和平县',214),(2039,'东源县',214),(2040,'市辖区',215),(2041,'江城区',215),(2042,'阳西县',215),(2043,'阳东县',215),(2044,'阳春市',215),(2045,'市辖区',216),(2046,'清城区',216),(2047,'佛冈县',216),(2048,'阳山县',216),(2049,'连山壮族瑶族自治县',216),(2050,'连南瑶族自治县',216),(2051,'清新县',216),(2052,'英德市',216),(2053,'连州市',216),(2054,'市辖区',219),(2055,'湘桥区',219),(2056,'潮安县',219),(2057,'饶平县',219),(2058,'市辖区',220),(2059,'榕城区',220),(2060,'揭东县',220),(2061,'揭西县',220),(2062,'惠来县',220),(2063,'普宁市',220),(2064,'市辖区',221),(2065,'云城区',221),(2066,'新兴县',221),(2067,'郁南县',221),(2068,'云安县',221),(2069,'罗定市',221),(2070,'市辖区',222),(2071,'兴宁区',222),(2072,'青秀区',222),(2073,'江南区',222),(2074,'西乡塘区',222),(2075,'良庆区',222),(2076,'邕宁区',222),(2077,'武鸣县',222),(2078,'隆安县',222),(2079,'马山县',222),(2080,'上林县',222),(2081,'宾阳县',222),(2082,'横　县',222),(2083,'市辖区',223),(2084,'城中区',223),(2085,'鱼峰区',223),(2086,'柳南区',223),(2087,'柳北区',223),(2088,'柳江县',223),(2089,'柳城县',223),(2090,'鹿寨县',223),(2091,'融安县',223),(2092,'融水苗族自治县',223),(2093,'三江侗族自治县',223),(2094,'市辖区',224),(2095,'秀峰区',224),(2096,'叠彩区',224),(2097,'象山区',224),(2098,'七星区',224),(2099,'雁山区',224),(2100,'阳朔县',224),(2101,'临桂县',224),(2102,'灵川县',224),(2103,'全州县',224),(2104,'兴安县',224),(2105,'永福县',224),(2106,'灌阳县',224),(2107,'龙胜各族自治县',224),(2108,'资源县',224),(2109,'平乐县',224),(2110,'荔蒲县',224),(2111,'恭城瑶族自治县',224),(2112,'市辖区',225),(2113,'万秀区',225),(2114,'蝶山区',225),(2115,'长洲区',225),(2116,'苍梧县',225),(2117,'藤　县',225),(2118,'蒙山县',225),(2119,'岑溪市',225),(2120,'市辖区',226),(2121,'海城区',226),(2122,'银海区',226),(2123,'铁山港区',226),(2124,'合浦县',226),(2125,'市辖区',227),(2126,'港口区',227),(2127,'防城区',227),(2128,'上思县',227),(2129,'东兴市',227),(2130,'市辖区',228),(2131,'钦南区',228),(2132,'钦北区',228),(2133,'灵山县',228),(2134,'浦北县',228),(2135,'市辖区',229),(2136,'港北区',229),(2137,'港南区',229),(2138,'覃塘区',229),(2139,'平南县',229),(2140,'桂平市',229),(2141,'市辖区',230),(2142,'玉州区',230),(2143,'容　县',230),(2144,'陆川县',230),(2145,'博白县',230),(2146,'兴业县',230),(2147,'北流市',230),(2148,'市辖区',231),(2149,'右江区',231),(2150,'田阳县',231),(2151,'田东县',231),(2152,'平果县',231),(2153,'德保县',231),(2154,'靖西县',231),(2155,'那坡县',231),(2156,'凌云县',231),(2157,'乐业县',231),(2158,'田林县',231),(2159,'西林县',231),(2160,'隆林各族自治县',231),(2161,'市辖区',232),(2162,'八步区',232),(2163,'昭平县',232),(2164,'钟山县',232),(2165,'富川瑶族自治县',232),(2166,'市辖区',233),(2167,'金城江区',233),(2168,'南丹县',233),(2169,'天峨县',233),(2170,'凤山县',233),(2171,'东兰县',233),(2172,'罗城仫佬族自治县',233),(2173,'环江毛南族自治县',233),(2174,'巴马瑶族自治县',233),(2175,'都安瑶族自治县',233),(2176,'大化瑶族自治县',233),(2177,'宜州市',233),(2178,'市辖区',234),(2179,'兴宾区',234),(2180,'忻城县',234),(2181,'象州县',234),(2182,'武宣县',234),(2183,'金秀瑶族自治县',234),(2184,'合山市',234),(2185,'市辖区',235),(2186,'江洲区',235),(2187,'扶绥县',235),(2188,'宁明县',235),(2189,'龙州县',235),(2190,'大新县',235),(2191,'天等县',235),(2192,'凭祥市',235),(2193,'市辖区',236),(2194,'秀英区',236),(2195,'龙华区',236),(2196,'琼山区',236),(2197,'美兰区',236),(2198,'市辖区',237),(2199,'五指山市',NULL),(2200,'琼海市',NULL),(2201,'儋州市',NULL),(2202,'文昌市',NULL),(2203,'万宁市',NULL),(2204,'东方市',NULL),(2205,'定安县',NULL),(2206,'屯昌县',NULL),(2207,'澄迈县',NULL),(2208,'临高县',NULL),(2209,'白沙黎族自治县',NULL),(2210,'昌江黎族自治县',NULL),(2211,'乐东黎族自治县',NULL),(2212,'陵水黎族自治县',NULL),(2213,'保亭黎族苗族自治县',NULL),(2214,'琼中黎族苗族自治县',NULL),(2215,'西沙群岛',NULL),(2216,'南沙群岛',NULL),(2217,'中沙群岛的岛礁及其海域',NULL),(2218,'万州区',257),(2219,'涪陵区',257),(2220,'渝中区',257),(2221,'大渡口区',257),(2222,'江北区',257),(2223,'沙坪坝区',257),(2224,'九龙坡区',257),(2225,'南岸区',257),(2226,'北碚区',257),(2227,'万盛区',257),(2228,'双桥区',257),(2229,'渝北区',257),(2230,'巴南区',257),(2231,'黔江区',257),(2232,'长寿区',257),(2233,'綦江县',257),(2234,'潼南县',257),(2235,'铜梁县',257),(2236,'大足县',257),(2237,'荣昌县',257),(2238,'璧山县',257),(2239,'梁平县',257),(2240,'城口县',257),(2241,'丰都县',257),(2242,'垫江县',257),(2243,'武隆县',257),(2244,'忠　县',257),(2245,'开　县',257),(2246,'云阳县',257),(2247,'奉节县',257),(2248,'巫山县',257),(2249,'巫溪县',257),(2250,'石柱土家族自治县',257),(2251,'秀山土家族苗族自治县',257),(2252,'酉阳土家族苗族自治县',257),(2253,'彭水苗族土家族自治县',257),(2254,'江津市',257),(2255,'合川市',257),(2256,'永川市',257),(2257,'南川市',257),(2258,'市辖区',258),(2259,'锦江区',258),(2260,'青羊区',258),(2261,'金牛区',258),(2262,'武侯区',258),(2263,'成华区',258),(2264,'龙泉驿区',258),(2265,'青白江区',258),(2266,'新都区',258),(2267,'温江区',258),(2268,'金堂县',258),(2269,'双流县',258),(2270,'郫　县',258),(2271,'大邑县',258),(2272,'蒲江县',258),(2273,'新津县',258),(2274,'都江堰市',258),(2275,'彭州市',258),(2276,'邛崃市',258),(2277,'崇州市',258),(2278,'市辖区',259),(2279,'自流井区',259),(2280,'贡井区',259),(2281,'大安区',259),(2282,'沿滩区',259),(2283,'荣　县',259),(2284,'富顺县',259),(2285,'市辖区',260),(2286,'东　区',260),(2287,'西　区',260),(2288,'仁和区',260),(2289,'米易县',260),(2290,'盐边县',260),(2291,'市辖区',261),(2292,'江阳区',261),(2293,'纳溪区',261),(2294,'龙马潭区',261),(2295,'泸　县',261),(2296,'合江县',261),(2297,'叙永县',261),(2298,'古蔺县',261),(2299,'市辖区',262),(2300,'旌阳区',262),(2301,'中江县',262),(2302,'罗江县',262),(2303,'广汉市',262),(2304,'什邡市',262),(2305,'绵竹市',262),(2306,'市辖区',263),(2307,'涪城区',263),(2308,'游仙区',263),(2309,'三台县',263),(2310,'盐亭县',263),(2311,'安　县',263),(2312,'梓潼县',263),(2313,'北川羌族自治县',263),(2314,'平武县',263),(2315,'江油市',263),(2316,'市辖区',264),(2317,'市中区',264),(2318,'元坝区',264),(2319,'朝天区',264),(2320,'旺苍县',264),(2321,'青川县',264),(2322,'剑阁县',264),(2323,'苍溪县',264),(2324,'市辖区',265),(2325,'船山区',265),(2326,'安居区',265),(2327,'蓬溪县',265),(2328,'射洪县',265),(2329,'大英县',265),(2330,'市辖区',266),(2331,'市中区',266),(2332,'东兴区',266),(2333,'威远县',266),(2334,'资中县',266),(2335,'隆昌县',266),(2336,'市辖区',267),(2337,'市中区',267),(2338,'沙湾区',267),(2339,'五通桥区',267),(2340,'金口河区',267),(2341,'犍为县',267),(2342,'井研县',267),(2343,'夹江县',267),(2344,'沐川县',267),(2345,'峨边彝族自治县',267),(2346,'马边彝族自治县',267),(2347,'峨眉山市',267),(2348,'市辖区',268),(2349,'顺庆区',268),(2350,'高坪区',268),(2351,'嘉陵区',268),(2352,'南部县',268),(2353,'营山县',268),(2354,'蓬安县',268),(2355,'仪陇县',268),(2356,'西充县',268),(2357,'阆中市',268),(2358,'市辖区',269),(2359,'东坡区',269),(2360,'仁寿县',269),(2361,'彭山县',269),(2362,'洪雅县',269),(2363,'丹棱县',269),(2364,'青神县',269),(2365,'市辖区',270),(2366,'翠屏区',270),(2367,'宜宾县',270),(2368,'南溪县',270),(2369,'江安县',270),(2370,'长宁县',270),(2371,'高　县',270),(2372,'珙　县',270),(2373,'筠连县',270),(2374,'兴文县',270),(2375,'屏山县',270),(2376,'市辖区',271),(2377,'广安区',271),(2378,'岳池县',271),(2379,'武胜县',271),(2380,'邻水县',271),(2381,'华莹市',271),(2382,'市辖区',272),(2383,'通川区',272),(2384,'达　县',272),(2385,'宣汉县',272),(2386,'开江县',272),(2387,'大竹县',272),(2388,'渠　县',272),(2389,'万源市',272),(2390,'市辖区',273),(2391,'雨城区',273),(2392,'名山县',273),(2393,'荥经县',273),(2394,'汉源县',273),(2395,'石棉县',273),(2396,'天全县',273),(2397,'芦山县',273),(2398,'宝兴县',273),(2399,'市辖区',274),(2400,'巴州区',274),(2401,'通江县',274),(2402,'南江县',274),(2403,'平昌县',274),(2404,'市辖区',275),(2405,'雁江区',275),(2406,'安岳县',275),(2407,'乐至县',275),(2408,'简阳市',275),(2409,'汶川县',276),(2410,'理　县',276),(2411,'茂　县',276),(2412,'松潘县',276),(2413,'九寨沟县',276),(2414,'金川县',276),(2415,'小金县',276),(2416,'黑水县',276),(2417,'马尔康县',276),(2418,'壤塘县',276),(2419,'阿坝县',276),(2420,'若尔盖县',276),(2421,'红原县',276),(2422,'康定县',277),(2423,'泸定县',277),(2424,'丹巴县',277),(2425,'九龙县',277),(2426,'雅江县',277),(2427,'道孚县',277),(2428,'炉霍县',277),(2429,'甘孜县',277),(2430,'新龙县',277),(2431,'德格县',277),(2432,'白玉县',277),(2433,'石渠县',277),(2434,'色达县',277),(2435,'理塘县',277),(2436,'巴塘县',277),(2437,'乡城县',277),(2438,'稻城县',277),(2439,'得荣县',277),(2440,'西昌市',278),(2441,'木里藏族自治县',278),(2442,'盐源县',278),(2443,'德昌县',278),(2444,'会理县',278),(2445,'会东县',278),(2446,'宁南县',278),(2447,'普格县',278),(2448,'布拖县',278),(2449,'金阳县',278),(2450,'昭觉县',278),(2451,'喜德县',278),(2452,'冕宁县',278),(2453,'越西县',278),(2454,'甘洛县',278),(2455,'美姑县',278),(2456,'雷波县',278),(2457,'市辖区',279),(2458,'南明区',279),(2459,'云岩区',279),(2460,'花溪区',279),(2461,'乌当区',279),(2462,'白云区',279),(2463,'小河区',279),(2464,'开阳县',279),(2465,'息烽县',279),(2466,'修文县',279),(2467,'清镇市',279),(2468,'钟山区',280),(2469,'六枝特区',280),(2470,'水城县',280),(2471,'盘　县',280),(2472,'市辖区',281),(2473,'红花岗区',281),(2474,'汇川区',281),(2475,'遵义县',281),(2476,'桐梓县',281),(2477,'绥阳县',281),(2478,'正安县',281),(2479,'道真仡佬族苗族自治县',281),(2480,'务川仡佬族苗族自治县',281),(2481,'凤冈县',281),(2482,'湄潭县',281),(2483,'余庆县',281),(2484,'习水县',281),(2485,'赤水市',281),(2486,'仁怀市',281),(2487,'市辖区',282),(2488,'西秀区',282),(2489,'平坝县',282),(2490,'普定县',282),(2491,'镇宁布依族苗族自治县',282),(2492,'关岭布依族苗族自治县',282),(2493,'紫云苗族布依族自治县',282),(2494,'铜仁市',283),(2495,'江口县',283),(2496,'玉屏侗族自治县',283),(2497,'石阡县',283),(2498,'思南县',283),(2499,'印江土家族苗族自治县',283),(2500,'德江县',283),(2501,'沿河土家族自治县',283),(2502,'松桃苗族自治县',283),(2503,'万山特区',283),(2504,'兴义市',284),(2505,'兴仁县',284),(2506,'普安县',284),(2507,'晴隆县',284),(2508,'贞丰县',284),(2509,'望谟县',284),(2510,'册亨县',284),(2511,'安龙县',284),(2512,'毕节市',285),(2513,'大方县',285),(2514,'黔西县',285),(2515,'金沙县',285),(2516,'织金县',285),(2517,'纳雍县',285),(2518,'威宁彝族回族苗族自治县',285),(2519,'赫章县',285),(2520,'凯里市',286),(2521,'黄平县',286),(2522,'施秉县',286),(2523,'三穗县',286),(2524,'镇远县',286),(2525,'岑巩县',286),(2526,'天柱县',286),(2527,'锦屏县',286),(2528,'剑河县',286),(2529,'台江县',286),(2530,'黎平县',286),(2531,'榕江县',286),(2532,'从江县',286),(2533,'雷山县',286),(2534,'麻江县',286),(2535,'丹寨县',286),(2536,'都匀市',287),(2537,'福泉市',287),(2538,'荔波县',287),(2539,'贵定县',287),(2540,'瓮安县',287),(2541,'独山县',287),(2542,'平塘县',287),(2543,'罗甸县',287),(2544,'长顺县',287),(2545,'龙里县',287),(2546,'惠水县',287),(2547,'三都水族自治县',287),(2548,'市辖区',288),(2549,'五华区',288),(2550,'盘龙区',288),(2551,'官渡区',288),(2552,'西山区',288),(2553,'东川区',288),(2554,'呈贡县',288),(2555,'晋宁县',288),(2556,'富民县',288),(2557,'宜良县',288),(2558,'石林彝族自治县',288),(2559,'嵩明县',288),(2560,'禄劝彝族苗族自治县',288),(2561,'寻甸回族彝族自治县',288),(2562,'安宁市',288),(2563,'市辖区',289),(2564,'麒麟区',289),(2565,'马龙县',289),(2566,'陆良县',289),(2567,'师宗县',289),(2568,'罗平县',289),(2569,'富源县',289),(2570,'会泽县',289),(2571,'沾益县',289),(2572,'宣威市',289),(2573,'市辖区',290),(2574,'红塔区',290),(2575,'江川县',290),(2576,'澄江县',290),(2577,'通海县',290),(2578,'华宁县',290),(2579,'易门县',290),(2580,'峨山彝族自治县',290),(2581,'新平彝族傣族自治县',290),(2582,'元江哈尼族彝族傣族自治县',290),(2583,'市辖区',291),(2584,'隆阳区',291),(2585,'施甸县',291),(2586,'腾冲县',291),(2587,'龙陵县',291),(2588,'昌宁县',291),(2589,'市辖区',292),(2590,'昭阳区',292),(2591,'鲁甸县',292),(2592,'巧家县',292),(2593,'盐津县',292),(2594,'大关县',292),(2595,'永善县',292),(2596,'绥江县',292),(2597,'镇雄县',292),(2598,'彝良县',292),(2599,'威信县',292),(2600,'水富县',292),(2601,'市辖区',293),(2602,'古城区',293),(2603,'玉龙纳西族自治县',293),(2604,'永胜县',293),(2605,'华坪县',293),(2606,'宁蒗彝族自治县',293),(2607,'市辖区',294),(2608,'翠云区',294),(2609,'普洱哈尼族彝族自治县',294),(2610,'墨江哈尼族自治县',294),(2611,'景东彝族自治县',294),(2612,'景谷傣族彝族自治县',294),(2613,'镇沅彝族哈尼族拉祜族自治县',294),(2614,'江城哈尼族彝族自治县',294),(2615,'孟连傣族拉祜族佤族自治县',294),(2616,'澜沧拉祜族自治县',294),(2617,'西盟佤族自治县',294),(2618,'市辖区',295),(2619,'临翔区',295),(2620,'凤庆县',295),(2621,'云　县',295),(2622,'永德县',295),(2623,'镇康县',295),(2624,'双江拉祜族佤族布朗族傣族自治县',295),(2625,'耿马傣族佤族自治县',295),(2626,'沧源佤族自治县',295),(2627,'楚雄市',296),(2628,'双柏县',296),(2629,'牟定县',296),(2630,'南华县',296),(2631,'姚安县',296),(2632,'大姚县',296),(2633,'永仁县',296),(2634,'元谋县',296),(2635,'武定县',296),(2636,'禄丰县',296),(2637,'个旧市',297),(2638,'开远市',297),(2639,'蒙自县',297),(2640,'屏边苗族自治县',297),(2641,'建水县',297),(2642,'石屏县',297),(2643,'弥勒县',297),(2644,'泸西县',297),(2645,'元阳县',297),(2646,'红河县',297),(2647,'金平苗族瑶族傣族自治县',297),(2648,'绿春县',297),(2649,'河口瑶族自治县',297),(2650,'文山县',298),(2651,'砚山县',298),(2652,'西畴县',298),(2653,'麻栗坡县',298),(2654,'马关县',298),(2655,'丘北县',298),(2656,'广南县',298),(2657,'富宁县',298),(2658,'景洪市',299),(2659,'勐海县',299),(2660,'勐腊县',299),(2661,'大理市',300),(2662,'漾濞彝族自治县',300),(2663,'祥云县',300),(2664,'宾川县',300),(2665,'弥渡县',300),(2666,'南涧彝族自治县',300),(2667,'巍山彝族回族自治县',300),(2668,'永平县',300),(2669,'云龙县',300),(2670,'洱源县',300),(2671,'剑川县',300),(2672,'鹤庆县',300),(2673,'瑞丽市',301),(2674,'潞西市',301),(2675,'梁河县',301),(2676,'盈江县',301),(2677,'陇川县',301),(2678,'泸水县',302),(2679,'福贡县',302),(2680,'贡山独龙族怒族自治县',302),(2681,'兰坪白族普米族自治县',302),(2682,'香格里拉县',303),(2683,'德钦县',303),(2684,'维西傈僳族自治县',303),(2685,'市辖区',304),(2686,'城关区',304),(2687,'林周县',304),(2688,'当雄县',304),(2689,'尼木县',304),(2690,'曲水县',304),(2691,'堆龙德庆县',304),(2692,'达孜县',304),(2693,'墨竹工卡县',304),(2694,'昌都县',305),(2695,'江达县',305),(2696,'贡觉县',305),(2697,'类乌齐县',305),(2698,'丁青县',305),(2699,'察雅县',305),(2700,'八宿县',305),(2701,'左贡县',305),(2702,'芒康县',305),(2703,'洛隆县',305),(2704,'边坝县',305),(2705,'乃东县',306),(2706,'扎囊县',306),(2707,'贡嘎县',306),(2708,'桑日县',306),(2709,'琼结县',306),(2710,'曲松县',306),(2711,'措美县',306),(2712,'洛扎县',306),(2713,'加查县',306),(2714,'隆子县',306),(2715,'错那县',306),(2716,'浪卡子县',306),(2717,'日喀则市',307),(2718,'南木林县',307),(2719,'江孜县',307),(2720,'定日县',307),(2721,'萨迦县',307),(2722,'拉孜县',307),(2723,'昂仁县',307),(2724,'谢通门县',307),(2725,'白朗县',307),(2726,'仁布县',307),(2727,'康马县',307),(2728,'定结县',307),(2729,'仲巴县',307),(2730,'亚东县',307),(2731,'吉隆县',307),(2732,'聂拉木县',307),(2733,'萨嘎县',307),(2734,'岗巴县',307),(2735,'那曲县',308),(2736,'嘉黎县',308),(2737,'比如县',308),(2738,'聂荣县',308),(2739,'安多县',308),(2740,'申扎县',308),(2741,'索　县',308),(2742,'班戈县',308),(2743,'巴青县',308),(2744,'尼玛县',308),(2745,'普兰县',309),(2746,'札达县',309),(2747,'噶尔县',309),(2748,'日土县',309),(2749,'革吉县',309),(2750,'改则县',309),(2751,'措勤县',309),(2752,'林芝县',310),(2753,'工布江达县',310),(2754,'米林县',310),(2755,'墨脱县',310),(2756,'波密县',310),(2757,'察隅县',310),(2758,'朗　县',310),(2759,'市辖区',311),(2760,'新城区',311),(2761,'碑林区',311),(2762,'莲湖区',311),(2763,'灞桥区',311),(2764,'未央区',311),(2765,'雁塔区',311),(2766,'阎良区',311),(2767,'临潼区',311),(2768,'长安区',311),(2769,'蓝田县',311),(2770,'周至县',311),(2771,'户　县',311),(2772,'高陵县',311),(2773,'市辖区',312),(2774,'王益区',312),(2775,'印台区',312),(2776,'耀州区',312),(2777,'宜君县',312),(2778,'市辖区',313),(2779,'渭滨区',313),(2780,'金台区',313),(2781,'陈仓区',313),(2782,'凤翔县',313),(2783,'岐山县',313),(2784,'扶风县',313),(2785,'眉　县',313),(2786,'陇　县',313),(2787,'千阳县',313),(2788,'麟游县',313),(2789,'凤　县',313),(2790,'太白县',313),(2791,'市辖区',314),(2792,'秦都区',314),(2793,'杨凌区',314),(2794,'渭城区',314),(2795,'三原县',314),(2796,'泾阳县',314),(2797,'乾　县',314),(2798,'礼泉县',314),(2799,'永寿县',314),(2800,'彬　县',314),(2801,'长武县',314),(2802,'旬邑县',314),(2803,'淳化县',314),(2804,'武功县',314),(2805,'兴平市',314),(2806,'市辖区',315),(2807,'临渭区',315),(2808,'华　县',315),(2809,'潼关县',315),(2810,'大荔县',315),(2811,'合阳县',315),(2812,'澄城县',315),(2813,'蒲城县',315),(2814,'白水县',315),(2815,'富平县',315),(2816,'韩城市',315),(2817,'华阴市',315),(2818,'市辖区',316),(2819,'宝塔区',316),(2820,'延长县',316),(2821,'延川县',316),(2822,'子长县',316),(2823,'安塞县',316),(2824,'志丹县',316),(2825,'吴旗县',316),(2826,'甘泉县',316),(2827,'富　县',316),(2828,'洛川县',316),(2829,'宜川县',316),(2830,'黄龙县',316),(2831,'黄陵县',316),(2832,'市辖区',317),(2833,'汉台区',317),(2834,'南郑县',317),(2835,'城固县',317),(2836,'洋　县',317),(2837,'西乡县',317),(2838,'勉　县',317),(2839,'宁强县',317),(2840,'略阳县',317),(2841,'镇巴县',317),(2842,'留坝县',317),(2843,'佛坪县',317),(2844,'市辖区',318),(2845,'榆阳区',318),(2846,'神木县',318),(2847,'府谷县',318),(2848,'横山县',318),(2849,'靖边县',318),(2850,'定边县',318),(2851,'绥德县',318),(2852,'米脂县',318),(2853,'佳　县',318),(2854,'吴堡县',318),(2855,'清涧县',318),(2856,'子洲县',318),(2857,'市辖区',319),(2858,'汉滨区',319),(2859,'汉阴县',319),(2860,'石泉县',319),(2861,'宁陕县',319),(2862,'紫阳县',319),(2863,'岚皋县',319),(2864,'平利县',319),(2865,'镇坪县',319),(2866,'旬阳县',319),(2867,'白河县',319),(2868,'市辖区',320),(2869,'商州区',320),(2870,'洛南县',320),(2871,'丹凤县',320),(2872,'商南县',320),(2873,'山阳县',320),(2874,'镇安县',320),(2875,'柞水县',320),(2876,'市辖区',321),(2877,'城关区',321),(2878,'七里河区',321),(2879,'西固区',321),(2880,'安宁区',321),(2881,'红古区',321),(2882,'永登县',321),(2883,'皋兰县',321),(2884,'榆中县',321),(2885,'市辖区',322),(2886,'市辖区',323),(2887,'金川区',323),(2888,'永昌县',323),(2889,'市辖区',324),(2890,'白银区',324),(2891,'平川区',324),(2892,'靖远县',324),(2893,'会宁县',324),(2894,'景泰县',324),(2895,'市辖区',325),(2896,'秦城区',325),(2897,'北道区',325),(2898,'清水县',325),(2899,'秦安县',325),(2900,'甘谷县',325),(2901,'武山县',325),(2902,'张家川回族自治县',325),(2903,'市辖区',326),(2904,'凉州区',326),(2905,'民勤县',326),(2906,'古浪县',326),(2907,'天祝藏族自治县',326),(2908,'市辖区',327),(2909,'甘州区',327),(2910,'肃南裕固族自治县',327),(2911,'民乐县',327),(2912,'临泽县',327),(2913,'高台县',327),(2914,'山丹县',327),(2915,'市辖区',328),(2916,'崆峒区',328),(2917,'泾川县',328),(2918,'灵台县',328),(2919,'崇信县',328),(2920,'华亭县',328),(2921,'庄浪县',328),(2922,'静宁县',328),(2923,'市辖区',329),(2924,'肃州区',329),(2925,'金塔县',329),(2926,'安西县',329),(2927,'肃北蒙古族自治县',329),(2928,'阿克塞哈萨克族自治县',329),(2929,'玉门市',329),(2930,'敦煌市',329),(2931,'市辖区',330),(2932,'西峰区',330),(2933,'庆城县',330),(2934,'环　县',330),(2935,'华池县',330),(2936,'合水县',330),(2937,'正宁县',330),(2938,'宁　县',330),(2939,'镇原县',330),(2940,'市辖区',331),(2941,'安定区',331),(2942,'通渭县',331),(2943,'陇西县',331),(2944,'渭源县',331),(2945,'临洮县',331),(2946,'漳　县',331),(2947,'岷　县',331),(2948,'市辖区',332),(2949,'武都区',332),(2950,'成　县',332),(2951,'文　县',332),(2952,'宕昌县',332),(2953,'康　县',332),(2954,'西和县',332),(2955,'礼　县',332),(2956,'徽　县',332),(2957,'两当县',332),(2958,'临夏市',333),(2959,'临夏县',333),(2960,'康乐县',333),(2961,'永靖县',333),(2962,'广河县',333),(2963,'和政县',333),(2964,'东乡族自治县',333),(2965,'积石山保安族东乡族撒拉族自治县',333),(2966,'合作市',334),(2967,'临潭县',334),(2968,'卓尼县',334),(2969,'舟曲县',334),(2970,'迭部县',334),(2971,'玛曲县',334),(2972,'碌曲县',334),(2973,'夏河县',334),(2974,'市辖区',335),(2975,'城东区',335),(2976,'城中区',335),(2977,'城西区',335),(2978,'城北区',335),(2979,'大通回族土族自治县',335),(2980,'湟中县',335),(2981,'湟源县',335),(2982,'平安县',336),(2983,'民和回族土族自治县',336),(2984,'乐都县',336),(2985,'互助土族自治县',336),(2986,'化隆回族自治县',336),(2987,'循化撒拉族自治县',336),(2988,'门源回族自治县',337),(2989,'祁连县',337),(2990,'海晏县',337),(2991,'刚察县',337),(2992,'同仁县',338),(2993,'尖扎县',338),(2994,'泽库县',338),(2995,'河南蒙古族自治县',338),(2996,'共和县',339),(2997,'同德县',339),(2998,'贵德县',339),(2999,'兴海县',339),(3000,'贵南县',339),(3001,'玛沁县',340),(3002,'班玛县',340),(3003,'甘德县',340),(3004,'达日县',340),(3005,'久治县',340),(3006,'玛多县',340),(3007,'玉树县',341),(3008,'杂多县',341),(3009,'称多县',341),(3010,'治多县',341),(3011,'囊谦县',341),(3012,'曲麻莱县',341),(3013,'格尔木市',342),(3014,'德令哈市',342),(3015,'乌兰县',342),(3016,'都兰县',342),(3017,'天峻县',342),(3018,'市辖区',343),(3019,'兴庆区',343),(3020,'西夏区',343),(3021,'金凤区',343),(3022,'永宁县',343),(3023,'贺兰县',343),(3024,'灵武市',343),(3025,'市辖区',344),(3026,'大武口区',344),(3027,'惠农区',344),(3028,'平罗县',344),(3029,'市辖区',345),(3030,'利通区',345),(3031,'盐池县',345),(3032,'同心县',345),(3033,'青铜峡市',345),(3034,'市辖区',346),(3035,'原州区',346),(3036,'西吉县',346),(3037,'隆德县',346),(3038,'泾源县',346),(3039,'彭阳县',346),(3040,'市辖区',347),(3041,'沙坡头区',347),(3042,'中宁县',347),(3043,'海原县',347),(3044,'市辖区',348),(3045,'天山区',348),(3046,'沙依巴克区',348),(3047,'新市区',348),(3048,'水磨沟区',348),(3049,'头屯河区',348),(3050,'达坂城区',348),(3051,'东山区',348),(3052,'乌鲁木齐县',348),(3053,'市辖区',349),(3054,'独山子区',349),(3055,'克拉玛依区',349),(3056,'白碱滩区',349),(3057,'乌尔禾区',349),(3058,'吐鲁番市',350),(3059,'鄯善县',350),(3060,'托克逊县',350),(3061,'哈密市',351),(3062,'巴里坤哈萨克自治县',351),(3063,'伊吾县',351),(3064,'昌吉市',352),(3065,'阜康市',352),(3066,'米泉市',352),(3067,'呼图壁县',352),(3068,'玛纳斯县',352),(3069,'奇台县',352),(3070,'吉木萨尔县',352),(3071,'木垒哈萨克自治县',352),(3072,'博乐市',353),(3073,'精河县',353),(3074,'温泉县',353),(3075,'库尔勒市',354),(3076,'轮台县',354),(3077,'尉犁县',354),(3078,'若羌县',354),(3079,'且末县',354),(3080,'焉耆回族自治县',354),(3081,'和静县',354),(3082,'和硕县',354),(3083,'博湖县',354),(3084,'阿克苏市',355),(3085,'温宿县',355),(3086,'库车县',355),(3087,'沙雅县',355),(3088,'新和县',355),(3089,'拜城县',355),(3090,'乌什县',355),(3091,'阿瓦提县',355),(3092,'柯坪县',355),(3093,'阿图什市',356),(3094,'阿克陶县',356),(3095,'阿合奇县',356),(3096,'乌恰县',356),(3097,'喀什市',357),(3098,'疏附县',357),(3099,'疏勒县',357),(3100,'英吉沙县',357),(3101,'泽普县',357),(3102,'莎车县',357),(3103,'叶城县',357),(3104,'麦盖提县',357),(3105,'岳普湖县',357),(3106,'伽师县',357),(3107,'巴楚县',357),(3108,'塔什库尔干塔吉克自治县',357),(3109,'和田市',358),(3110,'和田县',358),(3111,'墨玉县',358),(3112,'皮山县',358),(3113,'洛浦县',358),(3114,'策勒县',358),(3115,'于田县',358),(3116,'民丰县',358),(3117,'伊宁市',359),(3118,'奎屯市',359),(3119,'伊宁县',359),(3120,'察布查尔锡伯自治县',359),(3121,'霍城县',359),(3122,'巩留县',359),(3123,'新源县',359),(3124,'昭苏县',359),(3125,'特克斯县',359),(3126,'尼勒克县',359),(3127,'塔城市',360),(3128,'乌苏市',360),(3129,'额敏县',360),(3130,'沙湾县',360),(3131,'托里县',360),(3132,'裕民县',360),(3133,'和布克赛尔蒙古自治县',360),(3134,'阿勒泰市',361),(3135,'布尔津县',361),(3136,'富蕴县',361),(3137,'福海县',361),(3138,'哈巴河县',361),(3139,'青河县',361),(3140,'吉木乃县',361),(3141,'石河子市',NULL),(3142,'阿拉尔市',NULL),(3143,'图木舒克市',NULL),(3144,'五家渠市',NULL);

#
# Source for table "t_sys_province"
#

CREATE TABLE `t_sys_province` (
  `id` bigint(20) NOT NULL AUTO_INCREMENT,
  `province_name` varchar(10) NOT NULL DEFAULT '',
  `order_by` char(2) DEFAULT NULL,
  `status` smallint(6) DEFAULT '1' COMMENT '状态0不显示1显示',
  `short_province_name` varchar(255) DEFAULT NULL COMMENT '省份名称',
  PRIMARY KEY (`id`)
) ENGINE=InnoDB AUTO_INCREMENT=35 DEFAULT CHARSET=utf8;

#
# Data for table "t_sys_province"
#

INSERT INTO `t_sys_province` VALUES (1,'北京市','B',1,'京'),(2,'天津市','T',1,'津'),(3,'河北省','H',1,'冀'),(4,'山西省','S',1,'晋'),(5,'内蒙古','N',1,'蒙'),(6,'辽宁省','L',1,'辽'),(7,'吉林省','J',1,'吉'),(8,'黑龙江省','H',1,'黑'),(9,'上海市','S',1,'沪'),(10,'江苏省','J',1,'苏'),(11,'浙江省','Z',1,'浙'),(12,'安徽省','A',1,'皖'),(13,'福建省','F',1,'闽'),(14,'江西省','J',1,'赣'),(15,'山东省','S',1,'鲁'),(16,'河南省','H',1,'豫'),(17,'湖北省','H',1,'鄂'),(18,'湖南省','H',1,'湘'),(19,'广东省','G',1,'粤'),(20,'广西','G',1,'桂'),(21,'海南省','H',1,'琼'),(22,'重庆市','C',1,'渝'),(23,'四川省','S',1,'川'),(24,'贵州省','G',1,'贵'),(25,'云南省','Y',1,'云'),(26,'西藏','X',1,'藏'),(27,'陕西省','S',1,'陕'),(28,'甘肃省','G',1,'甘'),(29,'青海省','Q',1,'青'),(30,'宁夏','N',1,'宁'),(31,'新疆','X',1,'新'),(32,'台湾','T',0,'台'),(33,'香港','X',0,'港'),(34,'澳门','A',0,'澳');

#
# Source for table "t_sys_zone"
#

CREATE TABLE `t_sys_zone` (
  `id` bigint(20) NOT NULL AUTO_INCREMENT,
  `zone_name` varchar(40) DEFAULT NULL,
  `order_by` char(2) DEFAULT NULL,
  `province_id` bigint(20) DEFAULT NULL,
  PRIMARY KEY (`id`),
  KEY `zone_name` (`zone_name`) USING BTREE
) ENGINE=InnoDB AUTO_INCREMENT=376 DEFAULT CHARSET=utf8;

#
# Data for table "t_sys_zone"
#

INSERT INTO `t_sys_zone` VALUES (1,'北京','B',1),(2,'天津','T',2),(3,'石家庄市','S',3),(4,'唐山市','T',3),(5,'秦皇岛市','Q',3),(6,'邯郸市','H',3),(7,'邢台市','X',3),(8,'保定市','B',3),(9,'张家口市','Z',3),(10,'承德市','C',3),(11,'沧州市','C',3),(12,'廊坊市','L',3),(13,'衡水市','H',3),(14,'太原市','T',4),(15,'大同市','D',4),(16,'阳泉市','Y',4),(17,'长治市','C',4),(18,'晋城市','J',4),(19,'朔州市','S',4),(20,'晋中市','J',4),(21,'运城市','Y',4),(22,'忻州市','X',4),(23,'临汾市','L',4),(24,'吕梁市','L',4),(25,'呼和浩特市','H',5),(26,'包头市','B',5),(27,'乌海市','W',5),(28,'赤峰市','C',5),(29,'通辽市','T',5),(30,'鄂尔多斯市','E',5),(31,'呼伦贝尔市','H',5),(32,'巴彦淖尔市','B',5),(33,'乌兰察布市','W',5),(34,'兴安盟','X',5),(35,'锡林郭勒盟','X',5),(36,'阿拉善盟','A',5),(37,'沈阳市','S',6),(38,'大连市','D',6),(39,'鞍山市','A',6),(40,'抚顺市','F',6),(41,'本溪市','B',6),(42,'丹东市','D',6),(43,'锦州市','J',6),(44,'营口市','Y',6),(45,'阜新市','F',6),(46,'辽阳市','L',6),(47,'盘锦市','P',6),(48,'铁岭市','T',6),(49,'朝阳市','C',6),(50,'葫芦岛市','H',6),(51,'长春市','C',7),(52,'吉林市','J',7),(53,'四平市','S',7),(54,'辽源市','L',7),(55,'通化市','T',7),(56,'白山市','B',7),(57,'松原市','S',7),(58,'白城市','B',7),(59,'延边','Y',7),(60,'哈尔滨市','H',8),(61,'齐齐哈尔市','Q',8),(62,'鸡西市','J',8),(63,'鹤岗市','H',8),(64,'双鸭山市','S',8),(65,'大庆市','D',8),(66,'伊春市','Y',8),(67,'佳木斯市','J',8),(68,'七台河市','Q',8),(69,'牡丹江市','M',8),(70,'黑河市','H',8),(71,'绥化市','S',8),(72,'大兴安岭','D',8),(73,'上海','S',9),(74,'南京市','N',10),(75,'无锡市','W',10),(76,'徐州市','X',10),(77,'常州市','C',10),(78,'苏州市','S',10),(79,'南通市','N',10),(80,'连云港市','L',10),(81,'淮安市','H',10),(82,'盐城市','Y',10),(83,'扬州市','Y',10),(84,'镇江市','Z',10),(85,'泰州市','T',10),(86,'宿迁市','S',10),(87,'启东市','Q',10),(88,'杭州市','H',11),(89,'宁波市','N',11),(90,'温州市','W',11),(91,'嘉兴市','J',11),(92,'湖州市','H',11),(93,'绍兴市','S',11),(94,'金华市','J',11),(95,'衢州市','Q',11),(96,'舟山市','Z',11),(97,'台州市','T',11),(98,'丽水市','L',11),(99,'合肥市','H',12),(100,'芜湖市','W',12),(101,'蚌埠市','B',12),(102,'淮南市','H',12),(103,'马鞍山市','M',12),(104,'淮北市','H',12),(105,'铜陵市','T',12),(106,'安庆市','A',12),(107,'黄山市','H',12),(108,'滁州市','C',12),(109,'阜阳市','F',12),(110,'宿州市','S',12),(111,'巢湖市','C',12),(112,'六安市','L',12),(113,'亳州市','B',12),(114,'池州市','C',12),(115,'宣城市','X',12),(116,'福州市','F',13),(117,'厦门市','X',13),(118,'莆田市','P',13),(119,'三明市','S',13),(120,'泉州市','Q',13),(121,'漳州市','Z',13),(122,'南平市','N',13),(123,'龙岩市','L',13),(124,'宁德市','N',13),(125,'南昌市','N',14),(126,'景德镇市','J',14),(127,'萍乡市','P',14),(128,'九江市','J',14),(129,'新余市','X',14),(130,'鹰潭市','Y',14),(131,'赣州市','G',14),(132,'吉安市','J',14),(133,'宜春市','Y',14),(134,'抚州市','F',14),(135,'上饶市','S',14),(136,'济南市','J',15),(137,'青岛市','Q',15),(138,'淄博市','Z',15),(139,'枣庄市','Z',15),(140,'东营市','D',15),(141,'烟台市','Y',15),(142,'潍坊市','W',15),(143,'济宁市','J',15),(144,'泰安市','T',15),(145,'威海市','W',15),(146,'日照市','R',15),(147,'莱芜市','L',15),(148,'临沂市','L',15),(149,'德州市','D',15),(150,'聊城市','L',15),(151,'滨州市','B',15),(152,'荷泽市','H',15),(153,'郑州市','Z',16),(154,'开封市','K',16),(155,'洛阳市','L',16),(156,'平顶山市','P',16),(157,'安阳市','A',16),(158,'鹤壁市','H',16),(159,'新乡市','X',16),(160,'焦作市','J',16),(161,'濮阳市','P',16),(162,'许昌市','X',16),(163,'漯河市','L',16),(164,'三门峡市','S',16),(165,'南阳市','N',16),(166,'商丘市','S',16),(167,'信阳市','X',16),(168,'周口市','Z',16),(169,'驻马店市','Z',16),(170,'武汉市','W',17),(171,'黄石市','H',17),(172,'十堰市','S',17),(173,'宜昌市','Y',17),(174,'襄樊市','X',17),(175,'鄂州市','E',17),(176,'荆门市','J',17),(177,'孝感市','X',17),(178,'荆州市','J',17),(179,'黄冈市','H',17),(180,'咸宁市','X',17),(181,'随州市','S',17),(182,'恩施','E',17),(183,'仙桃市','X',17),(184,'潜江市','Q',17),(185,'天门市','T',17),(186,'神农架','S',17),(187,'长沙市','C',18),(188,'株洲市','Z',18),(189,'湘潭市','X',18),(190,'衡阳市','H',18),(191,'邵阳市','S',18),(192,'岳阳市','Y',18),(193,'常德市','C',18),(194,'张家界市','Z',18),(195,'益阳市','Y',18),(196,'郴州市','C',18),(197,'永州市','Y',18),(198,'怀化市','H',18),(199,'娄底市','L',18),(200,'湘西','X',18),(201,'广州市','G',19),(202,'韶关市','S',19),(203,'深圳市','S',19),(204,'珠海市','Z',19),(205,'汕头市','S',19),(206,'佛山市','F',19),(207,'江门市','J',19),(208,'湛江市','Z',19),(209,'茂名市','M',19),(210,'肇庆市','Z',19),(211,'惠州市','H',19),(212,'梅州市','M',19),(213,'汕尾市','S',19),(214,'河源市','H',19),(215,'阳江市','Y',19),(216,'清远市','Q',19),(217,'东莞市','D',19),(218,'中山市','Z',19),(219,'潮州市','C',19),(220,'揭阳市','J',19),(221,'云浮市','Y',19),(222,'南宁市','N',20),(223,'柳州市','L',20),(224,'桂林市','G',20),(225,'梧州市','W',20),(226,'北海市','B',20),(227,'防城港市','F',20),(228,'钦州市','Q',20),(229,'贵港市','G',20),(230,'玉林市','Y',20),(231,'百色市','B',20),(232,'贺州市','H',20),(233,'河池市','H',20),(234,'来宾市','L',20),(235,'崇左市','C',20),(236,'海口市','H',21),(237,'三亚市','S',21),(238,'五指山市','W',21),(239,'琼海市','Q',21),(240,'儋州市','Z',21),(241,'文昌市','W',21),(242,'万宁市','W',21),(243,'东方市','D',21),(244,'定安县','D',21),(245,'屯昌县','T',21),(246,'澄迈县','C',21),(247,'临高县','L',21),(248,'白沙','B',21),(249,'昌江','C',21),(250,'乐东','L',21),(251,'陵水','L',21),(252,'保亭','B',21),(253,'琼中','Q',21),(254,'西沙群岛','X',21),(255,'南沙群岛','N',21),(256,'中沙群岛','Z',21),(257,'重庆','C',22),(258,'成都市','C',23),(259,'自贡市','Z',23),(260,'攀枝花市','P',23),(261,'泸州市','L',23),(262,'德阳市','D',23),(263,'绵阳市','M',23),(264,'广元市','G',23),(265,'遂宁市','S',23),(266,'内江市','N',23),(267,'乐山市','L',23),(268,'南充市','N',23),(269,'眉山市','M',23),(270,'宜宾市','Y',23),(271,'广安市','G',23),(272,'达州市','D',23),(273,'雅安市','Y',23),(274,'巴中市','B',23),(275,'资阳市','Z',23),(276,'阿坝','A',23),(277,'甘孜','G',23),(278,'凉山','L',23),(279,'贵阳市','G',24),(280,'六盘水市','L',24),(281,'遵义市','Z',24),(282,'安顺市','A',24),(283,'铜仁','T',24),(284,'黔西南','Q',24),(285,'毕节','B',24),(286,'黔东南','Q',24),(287,'黔南','Q',24),(288,'昆明市','K',25),(289,'曲靖市','Q',25),(290,'玉溪市','Y',25),(291,'保山市','B',25),(292,'昭通市','Z',25),(293,'丽江市','L',25),(294,'思茅市','S',25),(295,'临沧市','L',25),(296,'楚雄','C',25),(297,'红河','H',25),(298,'文山','W',25),(299,'西双版纳','X',25),(300,'大理','D',25),(301,'德宏','D',25),(302,'怒江','N',25),(303,'迪庆','D',25),(304,'拉萨市','L',26),(305,'昌都','C',26),(306,'山南','S',26),(307,'日喀则','R',26),(308,'那曲','N',26),(309,'阿里','A',26),(310,'林芝','L',26),(311,'西安市','X',27),(312,'铜川市','T',27),(313,'宝鸡市','B',27),(314,'咸阳市','X',27),(315,'渭南市','W',27),(316,'延安市','Y',27),(317,'汉中市','H',27),(318,'榆林市','Y',27),(319,'安康市','A',27),(320,'商洛市','S',27),(321,'兰州市','L',28),(322,'嘉峪关市','J',28),(323,'金昌市','J',28),(324,'白银市','B',28),(325,'天水市','T',28),(326,'武威市','W',28),(327,'张掖市','Z',28),(328,'平凉市','P',28),(329,'酒泉市','J',28),(330,'庆阳市','Q',28),(331,'定西市','D',28),(332,'陇南市','L',28),(333,'临夏','L',28),(334,'甘南','G',28),(335,'西宁市','X',29),(336,'海东','H',29),(337,'海北','H',29),(338,'黄南','H',29),(339,'海南','H',29),(340,'果洛','G',29),(341,'玉树','Y',29),(342,'海西','H',29),(343,'银川市','Y',30),(344,'石嘴山市','S',30),(345,'吴忠市','W',30),(346,'固原市','G',30),(347,'中卫市','Z',30),(348,'乌鲁木齐市','W',31),(349,'克拉玛依市','K',31),(350,'吐鲁番','T',31),(351,'哈密','H',31),(352,'昌吉','C',31),(353,'博尔塔拉','B',31),(354,'巴音郭楞','B',31),(355,'阿克苏','A',31),(356,'克孜勒苏柯尔克孜','K',31),(357,'喀什','K',31),(358,'和田','H',31),(359,'伊犁','Y',31),(360,'塔城','T',31),(361,'阿勒泰','A',31),(362,'石河子市','S',31),(363,'阿拉尔市','A',31),(364,'图木舒克市','T',31),(365,'五家渠市','W',31),(366,'台北','T',32),(367,'髙雄','G',32),(368,'基隆','J',32),(369,'台中','T',32),(370,'台南','T',32),(371,'新竹','X',32),(372,'嘉义','J',32),(373,'新北','X',32),(374,'香港','X',33),(375,'澳门','A',34);

#
# Source for table "t_user"
#

CREATE TABLE `t_user` (
  `id` bigint(20) NOT NULL AUTO_INCREMENT,
  `login_name` varchar(64) NOT NULL,
  `name` varchar(64) NOT NULL,
  `password` varchar(255) NOT NULL,
  `salt` varchar(64) NOT NULL,
  `register_date` timestamp NOT NULL DEFAULT '0000-00-00 00:00:00',
  PRIMARY KEY (`id`),
  UNIQUE KEY `login_name` (`login_name`)
) ENGINE=InnoDB DEFAULT CHARSET=utf8 COMMENT='用户表';

#
# Data for table "t_user"
#


/*!40014 SET FOREIGN_KEY_CHECKS=@OLD_FOREIGN_KEY_CHECKS */;
/*!40014 SET UNIQUE_CHECKS=@OLD_UNIQUE_CHECKS */;
/*!40111 SET SQL_NOTES=@OLD_SQL_NOTES */;
/*!40101 SET SQL_MODE=@OLD_SQL_MODE */;
/*!40101 SET CHARACTER_SET_CLIENT=@OLD_CHARACTER_SET_CLIENT */;
/*!40101 SET CHARACTER_SET_RESULTS=@OLD_CHARACTER_SET_RESULTS */;
/*!40101 SET COLLATION_CONNECTION=@OLD_COLLATION_CONNECTION */;
